,count_of_comments,movie_id,movie_review_id,stars_of_review,time_of_review,user_website
0,0,2063544,5108627,50.0,2011-09-26 08:17:47,https://www.douban.com/people/2129807/
1,1,2063544,1381578,30.0,2008-05-16 23:28:52,https://www.douban.com/people/2306452/
2,10,19971692,6293369,30.0,2013-09-22 16:05:49,https://www.douban.com/people/panfan517/
3,0,19971692,7601709,10.0,2015-09-17 21:41:22,https://www.douban.com/people/68320476/
4,0,19971692,8204300,40.0,2016-12-01 21:11:51,https://www.douban.com/people/69773753/
5,1,19971692,6568497,20.0,2014-03-01 14:44:08,https://www.douban.com/people/81503989/
6,0,19971692,6681165,30.0,2014-05-25 18:17:30,https://www.douban.com/people/88265580/
7,1,19971692,6849554,20.0,2014-08-27 00:01:23,https://www.douban.com/people/yiboobaby/
8,1,19971692,6585411,10.0,2014-03-13 00:29:29,https://www.douban.com/people/sunsouth/
9,5,1291866,7906815,40.0,2016-05-22 22:38:23,https://www.douban.com/people/63997678/
10,8,1291866,2016483,50.0,2009-05-08 12:40:40,https://www.douban.com/people/2047529/
11,1,1291866,6673506,50.0,2014-05-18 16:52:33,https://www.douban.com/people/gygushi/
12,3,1291866,1030645,30.0,2006-03-11 13:28:00,https://www.douban.com/people/bluecat/
13,0,1291866,9794435,50.0,2018-12-01 13:29:24,https://www.douban.com/people/145035600/
14,0,1291866,2137032,40.0,2009-07-14 08:46:04,https://www.douban.com/people/2332016/
15,2,1291866,1044379,50.0,2006-05-12 15:52:42,https://www.douban.com/people/Rochann/
16,0,1291866,10230774,50.0,2019-06-09 10:30:49,https://www.douban.com/people/2167803/
17,0,1291866,6697179,50.0,2014-06-09 18:18:00,https://www.douban.com/people/hwddbrz/
18,1,1291866,3930798,50.0,2010-10-12 22:08:43,https://www.douban.com/people/CamilleChang/
19,21,1291866,3003035,40.0,2010-02-20 23:30:27,https://www.douban.com/people/1092106/
20,0,1291866,6821424,50.0,2014-08-14 08:35:51,https://www.douban.com/people/79215592/
21,0,4191746,4764908,40.0,2011-03-06 14:57:10,https://www.douban.com/people/molong/
22,5,4191746,3615725,30.0,2010-08-30 20:12:08,https://www.douban.com/people/36960480/
23,5,4191746,3781836,20.0,2010-10-01 22:29:22,https://www.douban.com/people/Isil/
24,0,2042219,7763732,30.0,2016-02-08 04:26:19,https://www.douban.com/people/65418125/
25,0,2042219,5380529,40.0,2012-04-08 22:08:18,https://www.douban.com/people/54917836/
26,2,2042219,1300858,40.0,2008-02-10 05:28:49,https://www.douban.com/people/kenken2007/
27,1,2042219,5524988,40.0,2012-07-28 23:51:34,https://www.douban.com/people/Nutcracker2050/
28,0,2042219,4582209,40.0,2011-01-14 19:23:32,https://www.douban.com/people/smiling2011/
29,0,2042219,2964951,50.0,2010-01-30 01:03:05,https://www.douban.com/people/love.hydrangea/
30,0,2042219,2919774,50.0,2010-01-07 13:52:10,https://www.douban.com/people/1481312/
31,0,2042219,2228687,50.0,2009-08-14 21:23:26,https://www.douban.com/people/2091249/
32,2,2042219,1988073,40.0,2009-04-24 19:25:06,https://www.douban.com/people/2676305/
33,9,2042219,1718643,40.0,2009-02-23 21:25:50,https://www.douban.com/people/Mickey-Cai/
34,0,2042219,1543099,40.0,2008-11-02 13:31:51,https://www.douban.com/people/1927178/
35,0,2042219,1424440,40.0,2008-06-30 11:55:39,https://www.douban.com/people/yuliamelody/
36,1,2042219,1407138,40.0,2008-06-13 09:31:39,https://www.douban.com/people/IwooTung/
37,1,2042219,1291124,40.0,2008-01-27 16:25:47,https://www.douban.com/people/stememory/
38,0,2042219,10313972,50.0,2019-07-17 00:04:29,https://www.douban.com/people/115552083/
39,0,2042219,9935844,40.0,2019-02-04 16:48:02,https://www.douban.com/people/115837992/
40,0,2042219,9739279,40.0,2018-11-03 12:34:54,https://www.douban.com/people/183957921/
41,0,2042219,9610261,50.0,2018-08-23 09:48:01,https://www.douban.com/people/171639718/
42,0,2042219,9610253,40.0,2018-08-23 09:44:55,https://www.douban.com/people/171618076/
43,0,2042219,9607485,30.0,2018-08-21 20:14:31,https://www.douban.com/people/181037254/
44,49,2042219,1276702,40.0,2008-01-08 09:30:19,https://www.douban.com/people/natsuki/
45,37,2042219,1341819,40.0,2008-04-01 23:06:55,https://www.douban.com/people/dudupinkhome/
46,15,2042219,1310796,40.0,2008-02-23 15:40:41,https://www.douban.com/people/childfishair/
47,2,2042219,1717296,40.0,2009-02-23 14:01:05,https://www.douban.com/people/doa/
48,11,2042219,1433039,50.0,2008-07-09 01:35:34,https://www.douban.com/people/ivyyang/
49,5,2042219,7503654,50.0,2015-06-18 18:26:19,https://www.douban.com/people/yukizakura/
50,1,2042219,1516146,40.0,2008-10-05 21:50:04,https://www.douban.com/people/Ran-XX/
51,2,2042219,2730365,40.0,2009-11-09 20:57:17,https://www.douban.com/people/pannielove/
52,4,2042219,1469289,40.0,2008-08-13 15:21:49,https://www.douban.com/people/kudamono/
53,1,2042219,1289109,40.0,2008-01-24 21:32:47,https://www.douban.com/people/zhouzhenni/
54,2,2042219,1413013,40.0,2008-06-18 17:45:03,https://www.douban.com/people/lenin/
55,2,2042219,1289586,50.0,2008-01-25 14:05:38,https://www.douban.com/people/sqchen/
56,0,2042219,7682868,50.0,2015-12-06 19:23:25,https://www.douban.com/people/1720885/
57,2,2042219,5504827,40.0,2012-07-14 15:11:42,https://www.douban.com/people/axuexue/
58,1,2042219,1543975,40.0,2008-11-03 10:26:51,https://www.douban.com/people/serval/
59,1,2042219,1453538,50.0,2008-07-28 08:36:51,https://www.douban.com/people/Cryostatgirl/
60,11,2042219,1217503,40.0,2007-10-03 23:52:57,https://www.douban.com/people/cincier/
61,0,2042219,7924960,40.0,2016-06-05 22:19:31,https://www.douban.com/people/43780153/
62,0,2042219,5135975,40.0,2011-10-19 10:50:00,https://www.douban.com/people/yuchishangjiu/
63,0,2042219,4913664,30.0,2011-04-19 14:01:40,https://www.douban.com/people/luzhiyu/
64,0,2042219,9607194,30.0,2018-08-21 17:28:11,https://www.douban.com/people/49991856/
65,0,2042219,9607104,30.0,2018-08-21 16:50:26,https://www.douban.com/people/173298265/
66,0,2042219,9607014,30.0,2018-08-21 16:14:33,https://www.douban.com/people/173298581/
67,0,2042219,8995064,40.0,2017-12-18 10:32:50,https://www.douban.com/people/170948475/
68,0,2042219,8773224,30.0,2017-08-24 22:24:28,https://www.douban.com/people/141588350/
69,0,2042219,8572614,40.0,2017-05-31 00:05:56,https://www.douban.com/people/chidaodexiaolou/
70,2,2042219,8468949,40.0,2017-04-09 20:15:55,https://www.douban.com/people/mingfeng1988/
71,0,2042219,7803139,50.0,2016-03-07 15:25:59,https://www.douban.com/people/83890574/
72,0,2042219,5311481,40.0,2012-02-19 14:13:00,https://www.douban.com/people/50741739/
73,0,2042219,5294907,30.0,2012-02-06 14:49:16,https://www.douban.com/people/Hyacinth0333/
74,0,2042219,5138935,40.0,2011-10-21 21:22:36,https://www.douban.com/people/34418959/
75,0,2042219,5128254,40.0,2011-10-11 16:48:58,https://www.douban.com/people/4800478/
76,0,2042219,5037118,50.0,2011-07-24 23:41:22,https://www.douban.com/people/deliciousss/
77,0,2042219,4923759,40.0,2011-04-26 21:07:32,https://www.douban.com/people/haoran114/
78,0,2042219,3608247,40.0,2010-08-29 12:16:46,https://www.douban.com/people/4199855/
79,0,2042219,2359884,40.0,2009-09-20 00:39:20,https://www.douban.com/people/heyowl/
80,0,2042219,2173549,50.0,2009-07-28 19:03:09,https://www.douban.com/people/frienger0o0/
81,1,2042219,1674112,30.0,2009-02-11 01:59:01,https://www.douban.com/people/lanhaifei/
82,0,2042219,1581592,50.0,2008-12-12 00:39:13,https://www.douban.com/people/1830727/
83,0,2042219,1577517,50.0,2008-12-07 21:47:05,https://www.douban.com/people/2572911/
84,0,2042219,1512249,30.0,2008-10-02 01:29:23,https://www.douban.com/people/1932132/
85,0,2042219,1475777,50.0,2008-08-21 10:10:36,https://www.douban.com/people/1242476/
86,0,2042219,1474230,40.0,2008-08-19 14:08:37,https://www.douban.com/people/2196589/
87,0,2042219,1460301,40.0,2008-08-03 14:20:41,https://www.douban.com/people/hahayu/
88,1,2042219,1357761,50.0,2008-04-20 14:40:32,https://www.douban.com/people/1238008/
89,0,2042219,1283853,40.0,2008-01-17 20:52:10,https://www.douban.com/people/1443466/
90,0,2042219,7615027,40.0,2015-10-03 05:27:34,https://www.douban.com/people/134256964/
91,0,2042219,7364894,40.0,2015-02-02 01:15:42,https://www.douban.com/people/94386196/
92,6,2042219,5732528,40.0,2013-01-09 07:46:57,https://www.douban.com/people/49808213/
93,0,2042219,5726845,40.0,2013-01-04 20:38:12,https://www.douban.com/people/gaoyironghm/
94,0,2042219,5337636,40.0,2012-03-09 16:56:26,https://www.douban.com/people/49022279/
95,2,2042219,5151680,50.0,2011-11-02 10:35:01,https://www.douban.com/people/timetowrite/
96,5,2042219,3119370,50.0,2010-03-24 19:34:33,https://www.douban.com/people/soul922/
97,0,2042219,1496876,40.0,2008-09-14 16:51:25,https://www.douban.com/people/daidaitianxin/
98,0,2042219,1292970,40.0,2008-01-29 20:17:08,https://www.douban.com/people/1941071/
99,0,2042219,1309551,40.0,2008-02-21 16:57:17,https://www.douban.com/people/herrman/
100,5,2042219,1372101,50.0,2008-05-05 16:29:50,https://www.douban.com/people/hellojimi/
101,0,2042219,2049688,40.0,2009-06-01 09:46:12,https://www.douban.com/people/3995854/
102,1,2042219,1590583,30.0,2008-12-20 08:36:45,https://www.douban.com/people/shooowner/
103,10,2042219,1410847,40.0,2008-06-16 17:47:19,https://www.douban.com/people/windyhill/
104,2,2042219,3440468,30.0,2010-07-14 23:19:01,https://www.douban.com/people/1183940/
105,1,2042219,1330269,40.0,2008-03-19 14:27:42,https://www.douban.com/people/weiyaolion/
106,1,2042219,3410394,40.0,2010-07-06 20:20:18,https://www.douban.com/people/4619406/
107,0,2042219,3231955,40.0,2010-05-04 00:47:05,https://www.douban.com/people/beanworks/
108,1,2042219,1556038,40.0,2008-11-15 11:37:45,https://www.douban.com/people/xiaotingzi/
109,1,2042219,1347587,40.0,2008-04-08 15:58:58,https://www.douban.com/people/cute-meet/
110,0,2042219,6692694,30.0,2014-06-05 11:38:48,https://www.douban.com/people/31678134/
111,0,2042219,4629878,40.0,2011-02-15 01:26:19,https://www.douban.com/people/xilingyin/
112,0,2042219,2909517,40.0,2010-01-03 11:29:23,https://www.douban.com/people/bigmousefofo/
113,0,2042219,9607415,30.0,2018-08-21 19:31:10,https://www.douban.com/people/180930192/
114,0,2042219,9607324,30.0,2018-08-21 18:31:56,https://www.douban.com/people/180934266/
115,0,2042219,8582295,40.0,2017-06-04 22:29:32,https://www.douban.com/people/150934633/
116,0,2042219,5398265,50.0,2012-04-21 15:15:39,https://www.douban.com/people/duoer35/
117,0,2042219,5042607,40.0,2011-07-29 13:50:47,https://www.douban.com/people/zola91/
118,0,2042219,5584001,40.0,2012-09-14 19:03:46,https://www.douban.com/people/apur/
119,1,2042219,5298453,50.0,2012-02-09 10:33:03,https://www.douban.com/people/53906378/
120,0,2042219,7355603,30.0,2015-01-24 22:48:55,https://www.douban.com/people/92689928/
121,2,4848115,4872160,50.0,2011-03-22 21:56:29,https://www.douban.com/people/subplant/
122,0,4848115,8277547,50.0,2017-01-06 18:22:18,https://www.douban.com/people/60504625/
123,3,4848115,5610357,40.0,2012-10-08 19:53:30,https://www.douban.com/people/60352914/
124,0,4848115,4882779,50.0,2011-03-29 15:31:02,https://www.douban.com/people/ruhameijuan530/
125,0,4848115,6632304,50.0,2014-04-13 16:00:24,https://www.douban.com/people/veeveeJ/
126,2,4848115,7724142,10.0,2016-01-06 20:13:51,https://www.douban.com/people/125455757/
127,0,4848115,4914039,40.0,2011-04-19 20:25:20,https://www.douban.com/people/jeopardize/
128,3,4848115,10367767,50.0,2019-08-03 10:24:25,https://www.douban.com/people/138597822/
129,1,4848115,10366955,50.0,2019-08-02 23:52:54,https://www.douban.com/people/124321024/
130,3,4848115,4777591,40.0,2011-03-07 22:33:20,https://www.douban.com/people/moguyou/
131,0,4848115,8606925,40.0,2017-06-16 21:20:17,https://www.douban.com/people/114890297/
132,1,4848115,5264813,40.0,2012-01-11 20:27:05,https://www.douban.com/people/14961724/
133,0,4848115,5099887,50.0,2011-09-17 16:13:53,https://www.douban.com/people/lisgreen/
134,0,4848115,5082254,40.0,2011-08-30 22:28:30,https://www.douban.com/people/53416103/
135,3,4848115,4872793,50.0,2011-03-23 11:28:59,https://www.douban.com/people/stephhhhhhhhh/
136,0,4848115,4865210,40.0,2011-03-19 16:55:53,https://www.douban.com/people/38854998/
137,0,4848115,10053994,40.0,2019-03-19 18:08:07,https://www.douban.com/people/185486683/
138,0,4848115,7649182,50.0,2015-11-05 09:00:23,https://www.douban.com/people/Hana_H/
139,2,4848115,5774029,30.0,2013-02-11 02:13:46,https://www.douban.com/people/i33/
140,2,4848115,4989284,50.0,2011-06-14 22:15:48,https://www.douban.com/people/sophie1990s/
141,0,4848115,7379293,40.0,2015-02-14 15:58:29,https://www.douban.com/people/74190105/
142,0,4848115,7366895,50.0,2015-02-03 18:15:07,https://www.douban.com/people/81767433/
143,0,4848115,7349887,40.0,2015-01-20 10:00:22,https://www.douban.com/people/94626786/
144,0,4848115,7309473,50.0,2014-12-31 17:12:34,https://www.douban.com/people/113984266/
145,0,4848115,7168084,40.0,2014-10-27 22:09:09,https://www.douban.com/people/104260230/
146,0,4848115,6803374,40.0,2014-08-06 20:58:03,https://www.douban.com/people/72521457/
147,0,4848115,6773808,40.0,2014-07-30 17:01:11,https://www.douban.com/people/constance0mm/
148,0,4848115,6698195,50.0,2014-06-10 20:22:26,https://www.douban.com/people/60905474/
149,0,4848115,6694355,50.0,2014-06-07 00:23:18,https://www.douban.com/people/90155456/
150,0,4848115,6690974,30.0,2014-06-03 12:41:47,https://www.douban.com/people/51586911/
151,0,4848115,6627162,40.0,2014-04-08 23:33:33,https://www.douban.com/people/86019396/
152,0,4848115,6623962,50.0,2014-04-06 13:02:37,https://www.douban.com/people/mcdullbnu/
153,0,4848115,6612487,40.0,2014-03-30 16:12:25,https://www.douban.com/people/79076335/
154,0,4848115,6501918,40.0,2014-01-10 10:47:23,https://www.douban.com/people/4398623/
155,0,4848115,6490473,50.0,2014-01-02 23:23:21,https://www.douban.com/people/81735577/
156,0,4848115,6490080,50.0,2014-01-02 17:36:15,https://www.douban.com/people/81839370/
157,0,4848115,6489528,40.0,2014-01-02 12:49:39,https://www.douban.com/people/81828984/
158,2,4848115,4957071,50.0,2011-05-21 14:25:23,https://www.douban.com/people/Estazolam/
159,0,4848115,4893844,50.0,2011-04-05 14:19:19,https://www.douban.com/people/Bambus/
160,0,4848115,4893045,40.0,2011-04-05 00:38:57,https://www.douban.com/people/immortal_3/
161,0,4848115,9505945,30.0,2018-07-10 19:41:09,https://www.douban.com/people/137724482/
162,0,4848115,8785639,50.0,2017-08-31 09:32:22,https://www.douban.com/people/69669218/
163,0,4848115,8723586,50.0,2017-08-04 23:18:11,https://www.douban.com/people/164396041/
164,0,4848115,7781342,50.0,2016-02-20 00:57:39,https://www.douban.com/people/84482236/
165,0,4848115,7545956,50.0,2015-07-24 08:09:42,https://www.douban.com/people/46073083/
166,0,4848115,7433742,40.0,2015-04-04 10:39:51,https://www.douban.com/people/hanabee/
167,0,4848115,7211368,40.0,2014-11-26 23:29:00,https://www.douban.com/people/inside9999/
168,0,4848115,7107842,40.0,2014-09-22 18:17:06,https://www.douban.com/people/chairmannirvana/
169,0,4848115,6624106,50.0,2014-04-06 15:46:39,https://www.douban.com/people/psyche1212/
170,0,4848115,6549513,40.0,2014-02-15 20:38:45,https://www.douban.com/people/64716561/
171,0,4848115,6196802,40.0,2013-08-05 00:27:07,https://www.douban.com/people/zhujianzhe/
172,0,4848115,6123694,40.0,2013-06-20 09:20:25,https://www.douban.com/people/kimi0916/
173,0,4848115,5615116,50.0,2012-10-12 23:15:44,https://www.douban.com/people/55447774/
174,0,4848115,5587619,40.0,2012-09-18 00:02:30,https://www.douban.com/people/MQtwo/
175,0,4848115,5585045,50.0,2012-09-15 19:21:21,https://www.douban.com/people/49340010/
176,0,4848115,5440020,50.0,2012-05-24 12:29:53,https://www.douban.com/people/57619527/
177,0,4848115,5419298,40.0,2012-05-07 21:15:04,https://www.douban.com/people/4412885/
178,0,4848115,5055921,50.0,2011-08-08 13:39:19,https://www.douban.com/people/aiecho/
179,1,4848115,5054113,30.0,2011-08-07 15:48:05,https://www.douban.com/people/51607502/
180,7,4848115,5016640,50.0,2011-07-09 00:20:14,https://www.douban.com/people/swlovecm/
181,1,4848115,5003227,50.0,2011-06-27 09:58:05,https://www.douban.com/people/zuby/
182,13,4848115,4931443,50.0,2011-05-02 19:00:56,https://www.douban.com/people/eriqueshinohara/
183,0,4848115,4911204,40.0,2011-04-17 18:36:07,https://www.douban.com/people/fayetalkysissy/
184,0,4848115,4908977,40.0,2011-04-16 01:05:18,https://www.douban.com/people/enchy/
185,0,4848115,4907664,40.0,2011-04-15 07:22:20,https://www.douban.com/people/50771967/
186,0,4848115,4893894,50.0,2011-04-05 14:52:58,https://www.douban.com/people/flamen/
187,3,4848115,4890493,50.0,2011-04-03 13:31:19,https://www.douban.com/people/seasondyb/
188,0,4848115,4885467,40.0,2011-03-31 02:13:43,https://www.douban.com/people/38425001/
189,1,4848115,4882838,30.0,2011-03-29 16:11:45,https://www.douban.com/people/bylison/
190,0,4848115,4882599,50.0,2011-03-29 13:37:38,https://www.douban.com/people/26414546/
191,0,4848115,4868186,40.0,2011-03-21 02:31:20,https://www.douban.com/people/3257936/
192,0,4848115,8607178,30.0,2017-06-16 22:59:37,https://www.douban.com/people/148357224/
193,0,4848115,7969841,40.0,2016-07-08 17:06:38,https://www.douban.com/people/75488111/
194,0,4848115,7799311,50.0,2016-03-04 22:36:39,https://www.douban.com/people/135781490/
195,0,4848115,7603569,40.0,2015-09-20 12:51:43,https://www.douban.com/people/61857166/
196,0,4848115,7486032,40.0,2015-05-30 22:58:41,https://www.douban.com/people/haidongqing/
197,0,4848115,6488840,50.0,2014-01-01 23:44:17,https://www.douban.com/people/77528777/
198,0,4848115,6480016,40.0,2013-12-27 09:11:13,https://www.douban.com/people/81596555/
199,0,4848115,6479887,40.0,2013-12-27 00:03:46,https://www.douban.com/people/81507570/
200,0,4848115,6479304,50.0,2013-12-26 16:30:22,https://www.douban.com/people/robinkikyo/
201,0,4848115,6477457,50.0,2013-12-25 15:02:58,https://www.douban.com/people/81531998/
202,0,4848115,6469901,50.0,2013-12-20 15:32:34,https://www.douban.com/people/81359642/
203,0,4848115,6468948,50.0,2013-12-20 00:05:55,https://www.douban.com/people/70351867/
204,0,4848115,6231220,50.0,2013-08-18 23:21:38,https://www.douban.com/people/76788600/
205,1,4848115,5995826,50.0,2013-05-29 15:24:42,https://www.douban.com/people/52024907/
206,0,4848115,5991855,50.0,2013-05-26 18:44:33,https://www.douban.com/people/50195996/
207,0,4848115,5990755,40.0,2013-05-25 22:04:52,https://www.douban.com/people/62493972/
208,0,4848115,5950318,40.0,2013-05-12 10:11:20,https://www.douban.com/people/72330115/
209,0,4848115,5903087,30.0,2013-04-28 22:14:52,https://www.douban.com/people/65789498/
210,0,4848115,5781097,40.0,2013-02-17 14:00:31,https://www.douban.com/people/50028709/
211,0,4848115,5763870,50.0,2013-02-01 19:05:38,https://www.douban.com/people/68294697/
212,0,4848115,5763116,30.0,2013-02-01 02:28:15,https://www.douban.com/people/good9moon/
213,0,4848115,8595077,40.0,2017-06-11 13:06:55,https://www.douban.com/people/156396365/
214,0,4848115,8578391,40.0,2017-06-03 08:02:50,https://www.douban.com/people/161489798/
215,0,4848115,8545056,50.0,2017-05-16 22:49:28,https://www.douban.com/people/151820885/
216,0,4848115,8490245,40.0,2017-04-20 22:59:01,https://www.douban.com/people/157129231/
217,0,4848115,8488738,40.0,2017-04-20 08:57:36,https://www.douban.com/people/160483046/
218,0,4848115,8472384,30.0,2017-04-11 15:17:38,https://www.douban.com/people/157360118/
219,0,4848115,8464164,40.0,2017-04-07 17:20:27,https://www.douban.com/people/159886402/
220,0,4848115,8406652,50.0,2017-03-09 18:36:20,https://www.douban.com/people/45680025/
221,0,4848115,8375425,40.0,2017-02-21 18:16:08,https://www.douban.com/people/151361366/
222,0,4848115,8276434,40.0,2017-01-06 04:12:15,https://www.douban.com/people/57925165/
223,0,4848115,8222741,50.0,2016-12-11 16:54:20,https://www.douban.com/people/127802989/
224,2,4848115,8203045,40.0,2016-11-30 22:23:46,https://www.douban.com/people/74317710/
225,0,4848115,8110227,40.0,2016-10-01 21:57:59,https://www.douban.com/people/harrietvii0509/
226,0,4848115,8077536,40.0,2016-09-09 00:08:37,https://www.douban.com/people/65328542/
227,0,4848115,8069806,50.0,2016-09-02 16:09:07,https://www.douban.com/people/150389090/
228,0,4848115,8064293,30.0,2016-08-29 03:39:31,https://www.douban.com/people/2948771/
229,1,4848115,8013501,40.0,2016-07-29 18:20:25,https://www.douban.com/people/128010610/
230,1,4848115,7932664,30.0,2016-06-10 16:57:38,https://www.douban.com/people/40174273/
231,0,4848115,7828635,40.0,2016-03-27 01:22:09,https://www.douban.com/people/readonlyfile/
232,0,4848115,7526509,40.0,2015-07-10 18:02:45,https://www.douban.com/people/2090835/
233,0,4848115,5577159,30.0,2012-09-08 15:02:51,https://www.douban.com/people/61046846/
234,0,4848115,5561080,40.0,2012-08-26 15:01:53,https://www.douban.com/people/xunmi.laputa/
235,0,4848115,5554909,50.0,2012-08-21 10:56:39,https://www.douban.com/people/57054003/
236,0,4848115,5548730,30.0,2012-08-16 11:47:42,https://www.douban.com/people/59418469/
237,0,4848115,5544244,50.0,2012-08-13 10:54:53,https://www.douban.com/people/55647443/
238,0,4848115,5538035,50.0,2012-08-08 19:21:23,https://www.douban.com/people/53270053/
239,0,4848115,5517558,30.0,2012-07-23 15:35:23,https://www.douban.com/people/53813581/
240,0,4848115,5495295,50.0,2012-07-07 21:57:48,https://www.douban.com/people/62883572/
241,1,4848115,5488975,50.0,2012-07-02 21:24:30,https://www.douban.com/people/61950149/
242,0,4848115,5487418,50.0,2012-07-01 18:42:14,https://www.douban.com/people/62696921/
243,0,4848115,5475298,30.0,2012-06-22 10:31:52,https://www.douban.com/people/48614324/
244,0,4848115,5475067,40.0,2012-06-22 00:07:33,https://www.douban.com/people/istayreal1206/
245,0,4848115,5470450,30.0,2012-06-18 15:17:34,https://www.douban.com/people/4840044/
246,0,4848115,5447487,50.0,2012-05-30 13:10:18,https://www.douban.com/people/3291077/
247,0,4848115,5445800,40.0,2012-05-29 07:14:31,https://www.douban.com/people/degui/
248,0,4848115,5442343,50.0,2012-05-26 11:09:43,https://www.douban.com/people/59297208/
249,0,4848115,5424454,40.0,2012-05-12 02:01:03,https://www.douban.com/people/spectre.D/
250,0,4848115,5394254,50.0,2012-04-18 15:49:46,https://www.douban.com/people/erduoexe/
251,0,4848115,5381243,40.0,2012-04-09 12:52:41,https://www.douban.com/people/50654054/
252,0,4848115,5380349,30.0,2012-04-08 20:46:34,https://www.douban.com/people/juezhi/
253,0,4848115,5758879,50.0,2013-01-28 23:12:10,https://www.douban.com/people/63434340/
254,0,4848115,5736925,40.0,2013-01-12 02:09:18,https://www.douban.com/people/51599231/
255,0,4848115,5721774,50.0,2012-12-31 18:07:20,https://www.douban.com/people/LC-111/
256,0,4848115,5683569,50.0,2012-12-04 14:30:33,https://www.douban.com/people/51106095/
257,1,4848115,5117579,50.0,2011-10-02 16:19:38,https://www.douban.com/people/54774202/
258,0,4848115,5059047,50.0,2011-08-11 04:31:20,https://www.douban.com/people/38219993/
259,9,4848115,5055101,40.0,2011-08-08 01:02:00,https://www.douban.com/people/linjisheng/
260,0,4848115,5016982,50.0,2011-07-09 12:52:05,https://www.douban.com/people/50213510/
261,0,4848115,4894416,50.0,2011-04-05 20:39:40,https://www.douban.com/people/48884113/
262,2,4848115,4887924,40.0,2011-04-01 18:10:36,https://www.douban.com/people/gonw/
263,0,4848115,5534095,50.0,2012-08-05 15:23:37,https://www.douban.com/people/andreryohei/
264,1,4848115,5010647,50.0,2011-07-04 09:12:42,https://www.douban.com/people/blueninght/
265,0,4848115,4883659,30.0,2011-03-30 09:59:15,https://www.douban.com/people/50454133/
266,0,4848115,4883226,50.0,2011-03-29 22:10:20,https://www.douban.com/people/peterpan1004/
267,0,4848115,4866279,40.0,2011-03-20 08:45:12,https://www.douban.com/people/inuit_54088/
268,0,4848115,4821103,50.0,2011-03-12 14:53:12,https://www.douban.com/people/20044169/
269,0,4848115,5288569,30.0,2012-02-01 15:17:43,https://www.douban.com/people/40405256/
270,0,4848115,4976489,30.0,2011-06-04 21:12:18,https://www.douban.com/people/allblue/
271,0,4848115,4902673,30.0,2011-04-11 09:58:09,https://www.douban.com/people/50738142/
272,0,4848115,4849224,40.0,2011-03-16 11:59:13,https://www.douban.com/people/48333542/
273,0,4848115,7622883,40.0,2015-10-11 00:51:51,https://www.douban.com/people/27921155/
274,0,4848115,7380074,50.0,2015-02-15 11:08:32,https://www.douban.com/people/76674613/
275,0,4848115,5083047,50.0,2011-08-31 20:11:49,https://www.douban.com/people/x87/
276,2,4848115,4912534,50.0,2011-04-18 17:28:34,https://www.douban.com/people/aprilrb/
277,13,4848115,4899985,50.0,2011-04-09 18:17:42,https://www.douban.com/people/Staness/
278,0,4848115,9150836,40.0,2018-02-14 16:56:51,https://www.douban.com/people/nvshen_beijing/
279,0,4848115,8653369,40.0,2017-07-09 00:07:58,https://www.douban.com/people/159644926/
280,0,4848115,8594651,40.0,2017-06-11 08:58:30,https://www.douban.com/people/63038152/
281,0,4848115,8344081,40.0,2017-02-07 19:23:09,https://www.douban.com/people/148579044/
282,0,4848115,5525737,40.0,2012-07-29 19:36:21,https://www.douban.com/people/thecitykid/
283,0,4848115,5476951,40.0,2012-06-23 19:26:58,https://www.douban.com/people/62518682/
284,0,4848115,5015146,50.0,2011-07-07 20:03:50,https://www.douban.com/people/afu1008/
285,0,4848115,4935390,40.0,2011-05-05 15:03:14,https://www.douban.com/people/zoiezhang/
286,0,4848115,4913287,40.0,2011-04-19 09:56:31,https://www.douban.com/people/toro5945/
287,0,4848115,4912253,50.0,2011-04-18 12:47:25,https://www.douban.com/people/3375524/
288,0,4848115,4911265,50.0,2011-04-17 19:33:34,https://www.douban.com/people/31772980/
289,0,4848115,4905976,50.0,2011-04-13 17:55:53,https://www.douban.com/people/34486562/
290,0,4848115,4899472,50.0,2011-04-09 11:35:28,https://www.douban.com/people/cheerchen9/
291,0,4848115,7567360,50.0,2015-08-12 10:52:31,https://www.douban.com/people/120778785/
292,0,4848115,6778081,50.0,2014-07-31 20:26:46,https://www.douban.com/people/54534289/
293,172,4848115,4849904,50.0,2011-03-16 17:03:35,https://www.douban.com/people/ulva/
294,80,4848115,4795073,50.0,2011-03-09 09:42:11,https://www.douban.com/people/4385106/
295,24,4848115,4909060,50.0,2011-04-16 04:45:07,https://www.douban.com/people/soyabo/
296,19,4848115,4775487,40.0,2011-03-07 16:43:11,https://www.douban.com/people/youwenq13/
297,0,4848115,8538442,40.0,2017-05-13 22:55:33,https://www.douban.com/people/150805728/
298,10,4848115,4893204,50.0,2011-04-05 05:04:30,https://www.douban.com/people/wuyigq/
299,8,4848115,4943524,50.0,2011-05-11 11:23:42,https://www.douban.com/people/xiaopaofu/
300,7,4848115,4891789,50.0,2011-04-04 10:30:28,https://www.douban.com/people/khakiwu/
301,8,4848115,4881789,50.0,2011-03-28 22:54:39,https://www.douban.com/people/catlady129/
302,0,4848115,8539952,40.0,2017-05-14 17:22:26,https://www.douban.com/people/159388990/
303,6,4848115,4866217,50.0,2011-03-20 05:20:58,https://www.douban.com/people/xiehuayingxhy/
304,1,4848115,7433104,40.0,2015-04-03 15:04:04,https://www.douban.com/people/GayScript/
305,7,4848115,4861791,40.0,2011-03-18 15:33:57,https://www.douban.com/people/41135687/
306,0,4848115,8645363,30.0,2017-07-05 10:48:04,https://www.douban.com/people/133183631/
307,4,4848115,5286694,50.0,2012-01-30 23:37:39,https://www.douban.com/people/qianlishuitiany/
308,6,4848115,4892792,50.0,2011-04-04 22:24:38,https://www.douban.com/people/rainytroy/
309,4,4848115,3893517,40.0,2010-10-10 13:04:18,https://www.douban.com/people/1163376/
310,1,4848115,4982381,50.0,2011-06-09 13:49:07,https://www.douban.com/people/cindyvvv/
311,8,4848115,4890369,20.0,2011-04-03 11:30:20,https://www.douban.com/people/48225899/
312,3,4848115,4929338,40.0,2011-05-01 02:25:32,https://www.douban.com/people/1922267/
313,0,4848115,9791507,50.0,2018-11-29 20:19:50,https://www.douban.com/people/163391347/
314,0,4848115,9642330,50.0,2018-09-09 17:20:13,https://www.douban.com/people/169118036/
315,0,4848115,9616071,50.0,2018-08-26 09:43:40,https://www.douban.com/people/iMARY1120/
316,0,4848115,9598998,30.0,2018-08-17 19:30:18,https://www.douban.com/people/hzsxd1986/
317,0,4848115,9448339,50.0,2018-06-23 00:10:50,https://www.douban.com/people/155248161/
318,0,4848115,9439980,50.0,2018-06-18 20:24:16,https://www.douban.com/people/166061133/
319,0,4848115,9433956,50.0,2018-06-15 12:38:34,https://www.douban.com/people/103296914/
320,0,4848115,9373809,40.0,2018-05-17 12:08:01,https://www.douban.com/people/4014027/
321,0,4848115,9369942,50.0,2018-05-15 17:38:22,https://www.douban.com/people/168782013/
322,0,4848115,9321186,40.0,2018-04-27 12:03:31,https://www.douban.com/people/155409749/
323,0,4848115,9287760,50.0,2018-04-10 23:05:43,https://www.douban.com/people/83982215/
324,0,4848115,9259279,50.0,2018-03-30 16:38:24,https://www.douban.com/people/67418468/
325,0,4848115,9188455,40.0,2018-02-27 21:07:44,https://www.douban.com/people/freemanlau/
326,0,4848115,9130186,50.0,2018-02-05 22:31:06,https://www.douban.com/people/131187697/
327,0,4848115,9084055,50.0,2018-01-19 09:17:42,https://www.douban.com/people/172786215/
328,0,4848115,9061009,50.0,2018-01-10 23:15:30,https://www.douban.com/people/157373636/
329,0,4848115,9021503,40.0,2017-12-27 16:38:02,https://www.douban.com/people/103538103/
330,0,4848115,8956319,50.0,2017-11-30 23:39:53,https://www.douban.com/people/161688899/
331,0,4848115,8936589,50.0,2017-11-21 00:32:54,https://www.douban.com/people/155230224/
332,0,4848115,8811663,40.0,2017-09-13 17:27:20,https://www.douban.com/people/161109703/
333,0,4848115,10379073,40.0,2019-08-06 19:24:21,https://www.douban.com/people/198309039/
334,0,4848115,10325050,40.0,2019-07-21 13:01:18,https://www.douban.com/people/189442324/
335,0,4848115,10302731,50.0,2019-07-12 11:29:29,https://www.douban.com/people/dadademi/
336,0,4848115,10222365,50.0,2019-06-04 22:59:00,https://www.douban.com/people/188541346/
337,0,4848115,10209495,50.0,2019-05-29 11:49:04,https://www.douban.com/people/196822706/
338,0,4848115,10196342,30.0,2019-05-22 18:37:49,https://www.douban.com/people/lovelycat01/
339,0,4848115,10156045,40.0,2019-05-04 17:00:08,https://www.douban.com/people/195337338/
340,0,4848115,10129586,50.0,2019-04-22 17:21:31,https://www.douban.com/people/177394716/
341,0,4848115,10100419,50.0,2019-04-09 13:53:47,https://www.douban.com/people/177264194/
342,0,4848115,10026266,40.0,2019-03-06 21:38:48,https://www.douban.com/people/BIANJU20170418/
343,0,4848115,10024412,30.0,2019-03-05 22:07:00,https://www.douban.com/people/sosovipp/
344,0,4848115,10006765,40.0,2019-02-26 13:39:56,https://www.douban.com/people/184712214/
345,0,4848115,9963540,50.0,2019-02-11 15:50:16,https://www.douban.com/people/189897082/
346,0,4848115,9926270,50.0,2019-01-30 01:01:56,https://www.douban.com/people/wymsmyxs/
347,0,4848115,9901463,50.0,2019-01-17 16:07:15,https://www.douban.com/people/30067864/
348,0,4848115,9898208,50.0,2019-01-15 21:49:06,https://www.douban.com/people/171762308/
349,0,4848115,9893814,50.0,2019-01-13 21:53:44,https://www.douban.com/people/187771045/
350,0,4848115,9893167,40.0,2019-01-13 17:46:10,https://www.douban.com/people/44725795/
351,0,4848115,9885119,40.0,2019-01-09 22:19:33,https://www.douban.com/people/178093783/
352,0,4848115,9884185,40.0,2019-01-09 15:08:28,https://www.douban.com/people/48315151/
353,0,4848115,4948319,30.0,2011-05-14 23:10:43,https://www.douban.com/people/45035929/
354,1,4848115,4903897,30.0,2011-04-12 02:48:30,https://www.douban.com/people/neve1and/
355,0,4848115,4888678,30.0,2011-04-02 01:43:44,https://www.douban.com/people/46674306/
356,1,4848115,4864851,30.0,2011-03-19 12:44:22,https://www.douban.com/people/3032660/
357,8,4848115,4908911,10.0,2011-04-16 00:07:13,https://www.douban.com/people/47754044/
358,0,4848115,8684789,50.0,2017-07-21 22:37:58,https://www.douban.com/people/155607123/
359,0,4848115,9028128,40.0,2017-12-29 23:12:55,https://www.douban.com/people/145524271/
360,0,4848115,9250900,40.0,2018-03-26 19:24:00,https://www.douban.com/people/160626812/
361,0,4848115,8629581,40.0,2017-06-27 17:29:07,https://www.douban.com/people/149057931/
362,0,4848115,8578907,50.0,2017-06-03 14:00:19,https://www.douban.com/people/156333012/
363,0,4848115,8592358,40.0,2017-06-10 00:03:13,https://www.douban.com/people/147899485/
364,0,4848115,7354804,40.0,2015-01-24 10:57:14,https://www.douban.com/people/53499544/
365,1,4848115,4905402,40.0,2011-04-13 10:01:58,https://www.douban.com/people/3751844/
366,0,4848115,7487732,50.0,2015-06-01 23:16:25,https://www.douban.com/people/qina/
367,0,4848115,5881391,50.0,2013-04-19 20:22:19,https://www.douban.com/people/pilangbu/
368,4,4848115,4915058,50.0,2011-04-20 15:44:39,https://www.douban.com/people/40354614/
369,0,4848115,5079939,50.0,2011-08-28 21:40:42,https://www.douban.com/people/5802009/
370,0,4848115,4905092,50.0,2011-04-12 23:36:22,https://www.douban.com/people/knifepoint/
371,0,4848115,6246923,50.0,2013-08-26 10:36:29,https://www.douban.com/people/vioo/
372,0,4848115,5477207,50.0,2012-06-23 22:59:17,https://www.douban.com/people/37868444/
373,1,4848115,5377920,50.0,2012-04-07 01:42:34,https://www.douban.com/people/aarontrue/
374,0,4848115,5362567,30.0,2012-03-27 10:52:17,https://www.douban.com/people/2085950/
375,0,4848115,5351007,50.0,2012-03-18 20:50:43,https://www.douban.com/people/Felven/
376,0,4848115,5326769,50.0,2012-03-01 18:14:07,https://www.douban.com/people/50964248/
377,0,4848115,5310030,50.0,2012-02-18 13:32:27,https://www.douban.com/people/54998572/
378,0,4848115,5302990,50.0,2012-02-12 21:57:13,https://www.douban.com/people/45204489/
379,0,4848115,5301420,50.0,2012-02-11 16:11:40,https://www.douban.com/people/mtlovelife/
380,0,4848115,5278836,50.0,2012-01-23 19:52:15,https://www.douban.com/people/35403676/
381,0,4848115,5278695,40.0,2012-01-23 17:03:02,https://www.douban.com/people/nancasper/
382,0,4848115,5270533,40.0,2012-01-15 23:43:51,https://www.douban.com/people/47674552/
383,0,4848115,5263257,50.0,2012-01-10 14:48:35,https://www.douban.com/people/bleachxyz519/
384,0,4848115,5232309,50.0,2011-12-27 11:29:51,https://www.douban.com/people/57189221/
385,0,4848115,5231450,50.0,2011-12-26 19:36:50,https://www.douban.com/people/50198488/
386,0,4848115,5203306,50.0,2011-12-07 16:57:49,https://www.douban.com/people/44290871/
387,0,4848115,5172324,50.0,2011-11-16 22:33:45,https://www.douban.com/people/46386372/
388,0,4848115,5155196,40.0,2011-11-04 22:55:15,https://www.douban.com/people/dingzonghu/
389,0,4848115,5142918,50.0,2011-10-25 16:40:02,https://www.douban.com/people/55509277/
390,0,4848115,5120450,30.0,2011-10-04 22:27:52,https://www.douban.com/people/53538915/
391,0,4848115,5116810,50.0,2011-10-01 22:12:27,https://www.douban.com/people/yilinlin/
392,0,4848115,4935086,50.0,2011-05-05 10:40:11,https://www.douban.com/people/45712382/
393,0,4848115,4933809,40.0,2011-05-04 16:19:24,https://www.douban.com/people/47825132/
394,0,4848115,4932718,40.0,2011-05-03 18:15:46,https://www.douban.com/people/39749501/
395,0,4848115,4931884,50.0,2011-05-02 23:51:12,https://www.douban.com/people/yinghuakaile/
396,0,4848115,4931551,50.0,2011-05-02 20:21:45,https://www.douban.com/people/demi1949/
397,0,4848115,4927650,50.0,2011-04-29 22:10:23,https://www.douban.com/people/3898568/
398,0,4848115,4927519,40.0,2011-04-29 20:51:11,https://www.douban.com/people/aimixia/
399,0,4848115,4924274,50.0,2011-04-27 09:58:03,https://www.douban.com/people/50374766/
400,0,4848115,4922761,50.0,2011-04-26 00:30:47,https://www.douban.com/people/4915734/
401,0,4848115,4917996,50.0,2011-04-22 19:17:47,https://www.douban.com/people/6179853/
402,0,4848115,4917980,50.0,2011-04-22 19:03:26,https://www.douban.com/people/50764673/
403,0,4848115,4917054,50.0,2011-04-22 00:51:04,https://www.douban.com/people/49045212/
404,0,4848115,4915216,50.0,2011-04-20 18:20:17,https://www.douban.com/people/3403796/
405,0,4848115,4914294,50.0,2011-04-19 23:26:18,https://www.douban.com/people/3661529/
406,0,4848115,4911653,50.0,2011-04-18 00:02:40,https://www.douban.com/people/gzc2zgl/
407,0,4848115,4911373,50.0,2011-04-17 20:45:29,https://www.douban.com/people/49750349/
408,0,4848115,4910216,50.0,2011-04-16 23:59:19,https://www.douban.com/people/33076800/
409,0,4848115,4909788,40.0,2011-04-16 19:36:28,https://www.douban.com/people/39625538/
410,0,4848115,4909130,50.0,2011-04-16 09:31:05,https://www.douban.com/people/50803379/
411,0,4848115,4908808,50.0,2011-04-15 23:05:07,https://www.douban.com/people/48815039/
412,0,4848115,7482579,40.0,2015-05-26 14:18:24,https://www.douban.com/people/baibaimine/
413,0,4848115,6751370,30.0,2014-07-22 13:18:50,https://www.douban.com/people/71946185/
414,0,4848115,6716983,50.0,2014-06-26 11:40:55,https://www.douban.com/people/54491491/
415,0,4848115,6660453,50.0,2014-05-06 23:54:40,https://www.douban.com/people/61255578/
416,0,4848115,6185882,50.0,2013-07-27 21:57:41,https://www.douban.com/people/52169768/
417,0,4848115,5900930,40.0,2013-04-27 20:02:02,https://www.douban.com/people/jelly-8/
418,0,4848115,5650508,40.0,2012-11-11 19:54:23,https://www.douban.com/people/55633201/
419,0,4848115,5023618,50.0,2011-07-14 16:55:52,https://www.douban.com/people/46193909/
420,3,4848115,4897311,50.0,2011-04-07 21:08:05,https://www.douban.com/people/nanfeng_Q/
421,0,4848115,10623097,50.0,2019-11-02 09:39:31,https://www.douban.com/people/65262119/
422,0,4848115,10619242,40.0,2019-10-31 16:42:53,https://www.douban.com/people/171773556/
423,0,4848115,10535237,40.0,2019-09-28 22:54:26,https://www.douban.com/people/204455291/
424,0,4848115,10529940,50.0,2019-09-26 15:15:19,https://www.douban.com/people/xiaohuibabe/
425,0,4848115,10500869,50.0,2019-09-15 14:03:23,https://www.douban.com/people/201841158/
426,0,4848115,10480605,40.0,2019-09-10 22:10:17,https://www.douban.com/people/191856182/
427,0,4848115,10470728,50.0,2019-09-07 20:41:23,https://www.douban.com/people/153826677/
428,0,4848115,10462474,50.0,2019-09-04 23:35:10,https://www.douban.com/people/203308808/
429,0,4848115,10418131,40.0,2019-08-17 22:26:29,https://www.douban.com/people/163834751/
430,0,4848115,10396746,50.0,2019-08-11 11:24:29,https://www.douban.com/people/160452813/
431,0,4848115,10386998,50.0,2019-08-09 10:56:00,https://www.douban.com/people/191252343/
432,0,4848115,5093037,50.0,2011-09-10 23:24:07,https://www.douban.com/people/42149318/
433,0,4848115,5092942,50.0,2011-09-10 22:08:57,https://www.douban.com/people/48339855/
434,0,4848115,5087164,50.0,2011-09-04 20:47:40,https://www.douban.com/people/Shadow_Taurus/
435,0,4848115,5087060,50.0,2011-09-04 19:49:56,https://www.douban.com/people/45652367/
436,0,4848115,5085868,40.0,2011-09-03 16:51:54,https://www.douban.com/people/48877233/
437,0,4848115,5082101,40.0,2011-08-30 19:57:13,https://www.douban.com/people/54043501/
438,0,4848115,5072830,40.0,2011-08-22 17:21:01,https://www.douban.com/people/huangsanjing/
439,0,4848115,5061399,50.0,2011-08-12 23:22:14,https://www.douban.com/people/51282154/
440,0,4848115,5043092,40.0,2011-07-29 22:36:52,https://www.douban.com/people/41291020/
441,0,4848115,5035428,50.0,2011-07-23 22:39:59,https://www.douban.com/people/pm-skin/
442,0,4848115,5030733,40.0,2011-07-20 11:08:28,https://www.douban.com/people/3342544/
443,6,4848115,5026849,40.0,2011-07-17 11:55:30,https://www.douban.com/people/com-plicated/
444,0,4848115,4993566,40.0,2011-06-18 16:11:33,https://www.douban.com/people/2841203/
445,0,4848115,4991754,40.0,2011-06-16 23:43:07,https://www.douban.com/people/hydelete/
446,0,4848115,4989921,30.0,2011-06-15 13:43:01,https://www.douban.com/people/4320308/
447,0,4848115,4984765,50.0,2011-06-11 15:57:18,https://www.douban.com/people/2870233/
448,0,4848115,4983054,40.0,2011-06-10 00:01:06,https://www.douban.com/people/45033979/
449,0,4848115,4962298,50.0,2011-05-24 21:24:42,https://www.douban.com/people/weiboliya/
450,0,4848115,4951573,50.0,2011-05-17 02:20:06,https://www.douban.com/people/50318927/
451,1,4848115,4939357,40.0,2011-05-08 14:45:35,https://www.douban.com/people/2743345/
452,0,4848115,4908469,50.0,2011-04-15 19:15:37,https://www.douban.com/people/2391792/
453,0,4848115,4907314,40.0,2011-04-14 20:58:55,https://www.douban.com/people/zhuyingdu/
454,0,4848115,4905360,40.0,2011-04-13 09:45:04,https://www.douban.com/people/50815806/
455,0,4848115,4904262,50.0,2011-04-12 13:02:19,https://www.douban.com/people/hupp/
456,0,4848115,4903927,40.0,2011-04-12 06:37:32,https://www.douban.com/people/fonne/
457,0,4848115,4903373,50.0,2011-04-11 18:45:17,https://www.douban.com/people/50779882/
458,0,4848115,4900905,50.0,2011-04-10 03:24:22,https://www.douban.com/people/1565985/
459,0,4848115,4899960,50.0,2011-04-09 17:59:07,https://www.douban.com/people/byebily/
460,0,4848115,4898918,50.0,2011-04-08 23:23:03,https://www.douban.com/people/ssxiaocaoss/
461,0,4848115,4898292,50.0,2011-04-08 15:17:29,https://www.douban.com/people/anxiaoyu/
462,0,4848115,4898265,50.0,2011-04-08 15:00:54,https://www.douban.com/people/sijixianshu/
463,0,4848115,4898022,40.0,2011-04-08 11:20:37,https://www.douban.com/people/1778668/
464,0,4848115,4897452,40.0,2011-04-07 22:17:10,https://www.douban.com/people/42262012/
465,1,4848115,4896263,50.0,2011-04-07 01:31:17,https://www.douban.com/people/lsq00/
466,0,4848115,4895569,40.0,2011-04-06 15:52:36,https://www.douban.com/people/50491630/
467,0,4848115,4895075,50.0,2011-04-06 10:24:08,https://www.douban.com/people/50489547/
468,0,4848115,4894746,50.0,2011-04-05 23:29:32,https://www.douban.com/people/47466097/
469,0,4848115,4894216,40.0,2011-04-05 18:35:47,https://www.douban.com/people/50629108/
470,0,4848115,4894119,50.0,2011-04-05 17:45:47,https://www.douban.com/people/45118868/
471,0,4848115,4893706,50.0,2011-04-05 12:57:50,https://www.douban.com/people/48834468/
472,0,4848115,4893410,40.0,2011-04-05 10:51:44,https://www.douban.com/people/46942729/
473,0,4848115,4893280,40.0,2011-04-05 09:37:54,https://www.douban.com/people/50593210/
474,0,4848115,4892740,40.0,2011-04-04 21:57:25,https://www.douban.com/people/2678320/
475,3,4848115,4890388,50.0,2011-04-03 11:47:27,https://www.douban.com/people/LPG/
476,0,4848115,4889603,40.0,2011-04-02 18:17:19,https://www.douban.com/people/crayonshine/
477,0,4848115,4889290,50.0,2011-04-02 14:28:40,https://www.douban.com/people/cjunyeesunl/
478,4,4848115,4886648,40.0,2011-03-31 21:37:14,https://www.douban.com/people/princekindora/
479,0,4848115,4884927,40.0,2011-03-30 18:34:19,https://www.douban.com/people/50465937/
480,0,4848115,4880551,40.0,2011-03-28 02:41:11,https://www.douban.com/people/junsl/
481,0,4848115,4869056,40.0,2011-03-21 14:35:40,https://www.douban.com/people/36589762/
482,0,4848115,4868846,50.0,2011-03-21 11:36:17,https://www.douban.com/people/50183775/
483,0,4848115,4865360,50.0,2011-03-19 19:02:41,https://www.douban.com/people/27413393/
484,2,4848115,4856532,40.0,2011-03-17 13:36:24,https://www.douban.com/people/lansepubu/
485,0,4848115,4805922,40.0,2011-03-10 12:48:00,https://www.douban.com/people/46028060/
486,0,4848115,7855468,10.0,2016-04-17 00:09:32,https://www.douban.com/people/KimWOOO/
487,0,4848115,7843549,30.0,2016-04-07 13:00:48,https://www.douban.com/people/144241630/
488,0,4848115,7808371,50.0,2016-03-11 19:39:37,https://www.douban.com/people/132393708/
489,0,4848115,7805965,50.0,2016-03-09 18:54:58,https://www.douban.com/people/138565388/
490,0,4848115,7484124,40.0,2015-05-28 13:13:09,https://www.douban.com/people/125347594/
491,10,10566540,5448566,40.0,2012-05-31 11:40:50,https://www.douban.com/people/60899718/
492,1,10566540,5550906,40.0,2012-08-17 23:14:25,https://www.douban.com/people/waternoscar/
493,0,10566540,7473610,30.0,2015-05-15 22:51:28,https://www.douban.com/people/83147343/
494,0,10566540,5999405,30.0,2013-06-01 19:51:37,https://www.douban.com/people/staryingnn/
495,1,26879011,9033164,40.0,2017-12-31 18:54:11,https://www.douban.com/people/37165766/
496,0,26879011,8995737,10.0,2017-12-18 15:35:52,https://www.douban.com/people/42561836/
497,0,5057778,7659750,30.0,2015-11-15 20:08:43,https://www.douban.com/people/48728614/
498,0,5157533,8158553,40.0,2016-11-05 16:00:13,https://www.douban.com/people/148955153/
499,40,5157533,4992685,30.0,2011-06-17 19:57:28,https://www.douban.com/people/woshijmgz/
500,0,5157533,7778661,40.0,2016-02-18 11:23:17,https://www.douban.com/people/qluanxxx/
501,0,5157533,5004133,30.0,2011-06-28 00:02:37,https://www.douban.com/people/2343303/
502,2,3022348,4633000,40.0,2011-02-15 15:36:33,https://www.douban.com/people/tracyyehong/
503,0,3022348,2048934,40.0,2009-05-31 17:49:23,https://www.douban.com/people/2132377/
504,7,30304251,9613065,30.0,2018-08-24 16:30:11,https://www.douban.com/people/4684887/
505,1,30304251,9629623,30.0,2018-09-02 10:20:16,https://www.douban.com/people/64859517/
506,0,30304251,10006189,30.0,2019-02-26 03:00:58,https://www.douban.com/people/87744516/
507,1,27167055,9135086,50.0,2018-02-07 20:19:34,https://www.douban.com/people/149723582/
508,0,27167055,9810952,50.0,2018-12-09 10:33:22,https://www.douban.com/people/182080231/
509,0,27167055,9405796,40.0,2018-05-31 17:55:30,https://www.douban.com/people/susiehehe/
510,0,27167055,10618888,50.0,2019-10-31 14:04:50,https://www.douban.com/people/57917448/
511,2,1900165,4890752,40.0,2011-04-03 16:38:30,https://www.douban.com/people/viqnfp/
512,9,1900165,3288630,30.0,2010-05-22 19:42:55,https://www.douban.com/people/tuzixiao/
513,0,1900165,6553356,50.0,2014-02-18 17:12:49,https://www.douban.com/people/55421067/
514,0,1303708,1520975,20.0,2008-10-11 01:20:27,https://www.douban.com/people/WANGYANHUI/
515,0,1303708,7674908,50.0,2015-11-29 06:00:15,https://www.douban.com/people/3344017/
516,0,24859768,7607722,40.0,2015-09-25 15:24:55,https://www.douban.com/people/39046169/
517,65,10535457,5416939,30.0,2012-05-06 00:22:55,https://www.douban.com/people/emylove/
518,14,10535457,5705609,30.0,2012-12-20 09:25:45,https://www.douban.com/people/67156244/
519,0,10535457,7056356,30.0,2014-09-13 04:43:35,https://www.douban.com/people/101263206/
520,6,10535457,5660173,10.0,2012-11-19 14:18:47,https://www.douban.com/people/66415232/
521,0,1308182,7166859,50.0,2014-10-26 23:45:25,https://www.douban.com/people/52280998/
522,0,1308182,7557782,40.0,2015-08-03 11:52:46,https://www.douban.com/people/26201131/
523,3,24870807,6269955,50.0,2013-09-09 12:21:03,https://www.douban.com/people/46894377/
524,0,24870807,6624356,30.0,2014-04-06 20:39:51,https://www.douban.com/people/chestnut-girl/
525,0,24870807,8893795,30.0,2017-10-29 23:22:47,https://www.douban.com/people/qiangeqiang/
526,3,1777510,1408268,30.0,2008-06-14 09:46:37,https://www.douban.com/people/2384845/
527,6,1777510,1044370,50.0,2006-05-12 15:21:51,https://www.douban.com/people/1086471/
528,2,1306565,1066293,50.0,2006-08-15 23:20:29,https://www.douban.com/people/flowermumu/
529,0,1306565,7395479,40.0,2015-03-04 04:30:48,https://www.douban.com/people/yishu./
530,0,1306565,2116766,30.0,2009-07-04 08:38:01,https://www.douban.com/people/leihanqi/
531,0,1306565,1123294,40.0,2007-02-12 22:33:33,https://www.douban.com/people/ksjulia/
532,0,1306565,1602268,50.0,2008-12-30 20:31:47,https://www.douban.com/people/3237845/
533,2,1306565,1468352,50.0,2008-08-12 11:58:23,https://www.douban.com/people/zhoujingzhen/
534,1,1306565,1436910,30.0,2008-07-12 23:45:14,https://www.douban.com/people/kimi-1119/
535,1,1306565,1355052,40.0,2008-04-17 08:15:37,https://www.douban.com/people/lovejuan-foreve/
536,0,1306565,1328755,50.0,2008-03-17 18:53:37,https://www.douban.com/people/1860252/
537,3,1306565,1273267,30.0,2008-01-03 16:57:27,https://www.douban.com/people/arline/
538,0,1306565,1069605,30.0,2006-08-28 10:26:02,https://www.douban.com/people/1175458/
539,2,1306565,1246380,50.0,2007-11-24 21:49:40,https://www.douban.com/people/hanw/
540,1,1306565,1234765,30.0,2007-11-05 21:56:15,https://www.douban.com/people/1405335/
541,3,1306565,1210090,30.0,2007-09-19 01:18:28,https://www.douban.com/people/capalens/
542,3,1306565,1235337,30.0,2007-11-06 23:41:34,https://www.douban.com/people/sadie_xiong/
543,1,1306565,1445086,30.0,2008-07-20 11:47:49,https://www.douban.com/people/doubanmaosila/
544,1,1294760,5648784,50.0,2012-11-10 12:49:06,https://www.douban.com/people/onomaclan/
545,0,1294760,1632351,30.0,2009-01-26 14:28:10,https://www.douban.com/people/2466829/
546,0,1294760,4875373,40.0,2011-03-24 22:37:49,https://www.douban.com/people/rugua/
547,0,26340303,10038959,20.0,2019-03-12 16:40:20,https://www.douban.com/people/segelas/
548,4,26340303,9882157,40.0,2019-01-08 15:58:59,https://www.douban.com/people/187812901/
549,0,26340303,9776957,30.0,2018-11-22 01:19:22,https://www.douban.com/people/175589906/
550,2,26340303,9632088,30.0,2018-09-03 19:38:19,https://www.douban.com/people/forsilentlove/
551,1,26340303,9704366,50.0,2018-10-14 16:58:23,https://www.douban.com/people/122651330/
552,6,26340303,9639588,30.0,2018-09-08 00:52:48,https://www.douban.com/people/passer-A/
553,1,26340303,9628102,10.0,2018-09-01 13:17:29,https://www.douban.com/people/148756650/
554,0,1293173,8178978,40.0,2016-11-17 12:27:21,https://www.douban.com/people/153906980/
555,0,1293173,7284451,40.0,2014-12-26 00:17:59,https://www.douban.com/people/115722304/
556,0,1293173,3579488,40.0,2010-08-22 18:57:17,https://www.douban.com/people/MEIKI/
557,0,1293173,2105424,50.0,2009-06-30 11:16:42,https://www.douban.com/people/lodige/
558,0,1293173,2087333,50.0,2009-06-22 11:00:51,https://www.douban.com/people/4459163/
559,0,1293173,1765925,30.0,2009-03-01 16:29:43,https://www.douban.com/people/3600576/
560,1,1293173,1627756,30.0,2009-01-21 22:31:31,https://www.douban.com/people/3427464/
561,0,1293173,1467229,40.0,2008-08-10 22:12:13,https://www.douban.com/people/2478040/
562,0,1293173,1459070,30.0,2008-08-02 03:23:35,https://www.douban.com/people/2772481/
563,6,1293173,1158019,30.0,2007-05-20 10:40:31,https://www.douban.com/people/1523320/
564,0,1293173,6221011,20.0,2013-08-16 12:40:48,https://www.douban.com/people/56589403/
565,0,1293173,5807829,30.0,2013-03-12 09:11:59,https://www.douban.com/people/48924562/
566,0,1293173,5699178,30.0,2012-12-15 15:22:26,https://www.douban.com/people/58945851/
567,0,1293173,2213094,30.0,2009-08-10 18:41:00,https://www.douban.com/people/1518594/
568,1,1293173,5406429,10.0,2012-04-27 20:56:22,https://www.douban.com/people/58549374/
569,0,1293173,5264592,20.0,2012-01-11 16:47:55,https://www.douban.com/people/alanguo/
570,2,1293173,1454267,30.0,2008-07-28 20:17:14,https://www.douban.com/people/littlebasin/
571,3,1293173,9231381,30.0,2018-03-17 22:22:13,https://www.douban.com/people/163382165/
572,0,1293173,5098567,30.0,2011-09-16 11:02:17,https://www.douban.com/people/2757021/
573,0,1293173,4245029,40.0,2010-10-30 12:16:57,https://www.douban.com/people/39644190/
574,0,1293173,9255772,20.0,2018-03-29 01:21:30,https://www.douban.com/people/vkark/
575,0,1293173,8271882,30.0,2017-01-03 21:36:34,https://www.douban.com/people/153932545/
576,0,1293173,8036693,40.0,2016-08-10 14:28:37,https://www.douban.com/people/Minna1984/
577,1,1293173,5651697,10.0,2012-11-12 18:09:21,https://www.douban.com/people/40998275/
578,1,1293173,8732285,40.0,2017-08-07 18:19:28,https://www.douban.com/people/148933548/
579,12,1293173,1046473,30.0,2006-05-21 17:40:26,https://www.douban.com/people/qsxiao/
580,14,1293173,7774507,30.0,2016-02-15 16:47:37,https://www.douban.com/people/48362404/
581,0,1293173,8563544,40.0,2017-05-26 13:22:28,https://www.douban.com/people/134486661/
582,0,1293173,5704424,40.0,2012-12-19 11:26:45,https://www.douban.com/people/lianlian725/
583,0,1293173,1423135,30.0,2008-06-28 23:00:09,https://www.douban.com/people/guuuu/
584,2,1293173,1551565,30.0,2008-11-10 11:35:11,https://www.douban.com/people/3090413/
585,0,1293173,1010057,30.0,2005-11-09 17:27:38,https://www.douban.com/people/Torence/
586,0,1293173,8837775,30.0,2017-09-29 21:06:29,https://www.douban.com/people/4135120/
587,0,1293173,5466462,20.0,2012-06-15 04:26:03,https://www.douban.com/people/Time-Trust/
588,0,1293173,6384765,10.0,2013-11-08 02:28:03,https://www.douban.com/people/2720139/
589,0,1293173,5195110,20.0,2011-12-02 10:19:53,https://www.douban.com/people/chenning3288/
590,0,1293173,10006040,30.0,2019-02-26 00:39:16,https://www.douban.com/people/michellemou/
591,0,1293173,9440395,40.0,2018-06-18 23:35:01,https://www.douban.com/people/2626587/
592,1,1293173,9383025,40.0,2018-05-21 07:36:46,https://www.douban.com/people/177193706/
593,0,1293173,9291725,40.0,2018-04-12 21:48:34,https://www.douban.com/people/120889298/
594,0,1293173,9282525,30.0,2018-04-08 16:41:46,https://www.douban.com/people/173383953/
595,1,1293173,9235290,20.0,2018-03-19 13:25:06,https://www.douban.com/people/159879328/
596,0,1293173,9233354,40.0,2018-03-18 17:46:09,https://www.douban.com/people/149652260/
597,0,1293173,8692315,30.0,2017-07-24 18:18:31,https://www.douban.com/people/sinsu/
598,0,1464352,4910043,40.0,2011-04-16 22:17:59,https://www.douban.com/people/1166642/
599,0,1464352,6655002,30.0,2014-05-02 10:24:12,https://www.douban.com/people/62496308/
600,0,1464352,6689478,30.0,2014-06-01 20:08:59,https://www.douban.com/people/tuxiaoshu/
601,0,1303574,6682274,40.0,2014-05-26 18:10:26,https://www.douban.com/people/babulliu/
602,0,1303574,8367699,40.0,2017-02-18 09:16:18,https://www.douban.com/people/140046733/
603,0,1303574,10633569,40.0,2019-11-06 09:40:00,https://www.douban.com/people/130983843/
604,1,1303574,1102644,30.0,2006-12-21 16:29:49,https://www.douban.com/people/seamouse/
605,0,1303574,1057814,10.0,2006-07-13 23:27:53,https://www.douban.com/people/kavkalu/
606,0,1303574,10045330,40.0,2019-03-15 22:52:40,https://www.douban.com/people/98906601/
607,0,1303574,7461676,40.0,2015-05-03 00:24:48,https://www.douban.com/people/37136489/
608,2,22267314,8268963,30.0,2017-01-02 16:05:44,https://www.douban.com/people/my-movie/
609,0,22267314,7460630,50.0,2015-05-01 22:46:01,https://www.douban.com/people/Don520Juan/
610,0,1300568,9381728,30.0,2018-05-20 18:28:05,https://www.douban.com/people/52057048/
611,0,2136818,4980925,30.0,2011-06-08 08:02:14,https://www.douban.com/people/franklotus/
612,1,3024676,6327609,40.0,2013-10-14 22:05:18,https://www.douban.com/people/evack0077/
613,3,25021427,7159492,40.0,2014-10-23 10:49:07,https://www.douban.com/people/jayeee000/
614,1,25021427,7396410,10.0,2015-03-04 18:53:02,https://www.douban.com/people/25659873/
615,0,25021427,7551217,40.0,2015-07-28 16:49:39,https://www.douban.com/people/80775560/
616,0,25021427,7297412,10.0,2014-12-28 11:48:16,https://www.douban.com/people/9894561/
617,0,25021427,7265917,40.0,2014-12-21 15:25:30,https://www.douban.com/people/114231106/
618,0,25021427,7198456,40.0,2014-11-19 09:58:12,https://www.douban.com/people/80374787/
619,1,26324889,7795195,40.0,2016-03-01 16:12:16,https://www.douban.com/people/133819795/
620,1,1307597,2764772,30.0,2009-11-18 01:32:05,https://www.douban.com/people/YCX7968/
621,0,1307597,1503894,40.0,2008-09-22 22:09:23,https://www.douban.com/people/2948179/
622,0,1307597,2979885,40.0,2010-02-06 10:36:32,https://www.douban.com/people/annxxx/
623,17,1307597,1509043,30.0,2008-09-28 17:21:36,https://www.douban.com/people/S233/
624,4,1307597,1114416,50.0,2007-01-22 14:16:11,https://www.douban.com/people/li_anqi/
625,1,1307597,1702392,30.0,2009-02-18 20:53:24,https://www.douban.com/people/3399346/
626,4,1307597,2311221,30.0,2009-09-08 20:46:58,https://www.douban.com/people/2584033/
627,1,1307597,8760718,50.0,2017-08-19 02:32:36,https://www.douban.com/people/121761749/
628,1,1307597,5976013,30.0,2013-05-20 11:21:26,https://www.douban.com/people/56119506/
629,0,1307597,1165803,30.0,2007-06-10 13:10:32,https://www.douban.com/people/1596443/
630,0,1307597,8119164,50.0,2016-10-07 13:51:17,https://www.douban.com/people/Siloran/
631,2,1307597,1714540,50.0,2009-02-22 22:59:40,https://www.douban.com/people/mint_pegasus/
632,1,1307597,9597320,30.0,2018-08-16 22:20:03,https://www.douban.com/people/178119553/
633,1,1307597,9182998,30.0,2018-02-25 17:02:57,https://www.douban.com/people/164743276/
634,0,1307597,9116678,40.0,2018-01-31 15:55:34,https://www.douban.com/people/154749945/
635,0,1307597,8913637,30.0,2017-11-09 16:21:54,https://www.douban.com/people/linkinparksfans/
636,0,1307597,6316121,50.0,2013-10-06 23:20:03,https://www.douban.com/people/4023352/
637,3,1307597,5569408,30.0,2012-09-01 22:25:57,https://www.douban.com/people/60468549/
638,0,1307597,5454072,30.0,2012-06-04 22:19:06,https://www.douban.com/people/kw_33/
639,0,1307597,3728107,40.0,2010-09-24 18:03:10,https://www.douban.com/people/cl_china1986/
640,2,3069320,3008221,40.0,2010-02-23 01:01:57,https://www.douban.com/people/huh..qualander/
641,0,3069320,9141598,50.0,2018-02-10 12:42:25,https://www.douban.com/people/139314696/
642,0,3069320,3116703,40.0,2010-03-23 12:15:31,https://www.douban.com/people/orinlw/
643,2,3069320,2998872,30.0,2010-02-18 19:00:43,https://www.douban.com/people/3249754/
644,0,3069320,5026881,40.0,2011-07-17 12:29:25,https://www.douban.com/people/48116984/
645,0,1768304,5240280,40.0,2012-01-01 18:46:56,https://www.douban.com/people/shenfu80/
646,0,1329562,1125054,40.0,2007-02-18 15:50:37,https://www.douban.com/people/1430261/
647,1,1329562,1004608,30.0,2005-09-10 18:25:06,https://www.douban.com/people/linxco/
648,1,1329562,7891977,30.0,2016-05-12 18:21:32,https://www.douban.com/people/39812797/
649,0,1329562,7770162,40.0,2016-02-12 22:06:03,https://www.douban.com/people/119164477/
650,0,1329562,5731231,40.0,2013-01-08 13:30:21,https://www.douban.com/people/66717939/
651,0,1329562,2456401,40.0,2009-10-06 16:36:32,https://www.douban.com/people/seafans/
652,10,1329562,2448435,50.0,2009-10-05 13:56:37,https://www.douban.com/people/karita/
653,11,1329562,2030889,40.0,2009-05-19 01:11:55,https://www.douban.com/people/2531185/
654,2,1329562,1017110,30.0,2005-12-27 15:11:32,https://www.douban.com/people/bookbug/
655,0,1329562,8721176,40.0,2017-08-04 11:12:47,https://www.douban.com/people/edileesky/
656,0,1329562,7529713,40.0,2015-07-12 22:14:01,https://www.douban.com/people/lola721/
657,0,1329562,8369856,50.0,2017-02-19 05:09:55,https://www.douban.com/people/75146958/
658,0,1329562,7472015,40.0,2015-05-13 22:07:55,https://www.douban.com/people/dahdumiedu/
659,0,1329562,1144854,30.0,2007-04-14 19:20:01,https://www.douban.com/people/dixiaofeng/
660,1,1329562,1030796,30.0,2006-03-12 00:06:45,https://www.douban.com/people/happyelf/
661,1,1329562,1028977,30.0,2006-03-03 10:26:03,https://www.douban.com/people/dewadiu/
662,1,1329562,1024801,10.0,2006-02-08 16:04:01,https://www.douban.com/people/lee714/
663,0,1329562,9871722,50.0,2019-01-04 15:39:53,https://www.douban.com/people/Once_More/
664,0,1329562,9517555,40.0,2018-07-15 00:53:21,https://www.douban.com/people/175344776/
665,2,1329562,9011506,50.0,2017-12-24 02:15:52,https://www.douban.com/people/171263391/
666,0,1329562,8865342,40.0,2017-10-14 21:43:38,https://www.douban.com/people/120967740/
667,1,1329562,8861060,40.0,2017-10-12 19:15:09,https://www.douban.com/people/129463645/
668,0,1329562,8854732,40.0,2017-10-08 22:30:05,https://www.douban.com/people/61417342/
669,0,1329562,8818504,40.0,2017-09-17 18:36:05,https://www.douban.com/people/65360922/
670,1,1329562,8817402,50.0,2017-09-17 01:53:50,https://www.douban.com/people/158186107/
671,0,1329562,8789380,50.0,2017-09-01 23:29:40,https://www.douban.com/people/142372902/
672,31,1329562,2040782,40.0,2009-05-26 22:40:23,https://www.douban.com/people/fennie/
673,0,1329562,1014627,50.0,2005-12-12 10:14:06,https://www.douban.com/people/aaronroy/
674,0,1329562,9495327,30.0,2018-07-07 15:50:06,https://www.douban.com/people/emma0828/
675,1,1329562,9354235,30.0,2018-05-09 07:23:52,https://www.douban.com/people/178158739/
676,0,1329562,7456966,40.0,2015-04-27 23:03:54,https://www.douban.com/people/69836590/
677,0,1329562,1016790,40.0,2005-12-25 14:54:09,https://www.douban.com/people/Ymier/
678,0,1329562,1001174,30.0,2005-07-08 10:34:26,https://www.douban.com/people/vcbear/
679,0,1329562,10273182,30.0,2019-06-29 02:55:15,https://www.douban.com/people/zhangguohui7/
680,0,1329562,10028407,50.0,2019-03-07 23:16:01,https://www.douban.com/people/53133277/
681,0,1329562,8410293,40.0,2017-03-11 19:24:27,https://www.douban.com/people/156429212/
682,0,1329562,8368312,40.0,2017-02-18 16:12:35,https://www.douban.com/people/121490984/
683,0,1329562,7699980,30.0,2015-12-22 13:15:13,https://www.douban.com/people/ruirui710/
684,0,1329562,7641634,30.0,2015-10-28 19:55:12,https://www.douban.com/people/68161017/
685,0,1329562,7547616,50.0,2015-07-25 17:19:23,https://www.douban.com/people/50108413/
686,0,1329562,5429265,50.0,2012-05-15 21:42:54,https://www.douban.com/people/meizanchennf/
687,0,1329562,5145596,20.0,2011-10-27 23:53:48,https://www.douban.com/people/3985718/
688,0,1329562,5108820,30.0,2011-09-26 12:23:44,https://www.douban.com/people/39171908/
689,0,1329562,2823677,10.0,2009-12-06 07:46:05,https://www.douban.com/people/wbluegreen/
690,0,1329562,1322153,30.0,2008-03-09 14:46:43,https://www.douban.com/people/goat7777/
691,1,1329562,1004873,30.0,2005-09-14 20:07:39,https://www.douban.com/people/1022239/
692,0,1329562,8009578,40.0,2016-07-26 22:08:38,https://www.douban.com/people/49716005/
693,0,1329562,7980793,40.0,2016-07-11 03:47:13,https://www.douban.com/people/142893521/
694,0,1329562,7923641,50.0,2016-06-04 22:43:30,https://www.douban.com/people/146656216/
695,0,1329562,7828260,50.0,2016-03-26 22:32:59,https://www.douban.com/people/143708996/
696,0,1329562,7748504,30.0,2016-01-25 03:00:44,https://www.douban.com/people/138063709/
697,2,1329562,7734589,50.0,2016-01-14 01:35:31,https://www.douban.com/people/125135208/
698,0,1329562,7651460,50.0,2015-11-07 02:05:11,https://www.douban.com/people/137191522/
699,0,1329562,7630684,30.0,2015-10-18 16:00:10,https://www.douban.com/people/136242037/
700,0,1329562,7506633,40.0,2015-06-22 15:14:52,https://www.douban.com/people/83972807/
701,0,1329562,7483225,40.0,2015-05-27 08:51:19,https://www.douban.com/people/52084054/
702,1,1329562,6615110,40.0,2014-04-01 12:16:09,https://www.douban.com/people/rockrose77/
703,0,1329562,6499607,40.0,2014-01-09 00:48:29,https://www.douban.com/people/feilongyuanbao/
704,0,1329562,6315036,40.0,2013-10-06 08:31:55,https://www.douban.com/people/62886108/
705,0,1329562,6095160,30.0,2013-06-16 15:15:49,https://www.douban.com/people/61913024/
706,0,1329562,5976103,50.0,2013-05-20 12:38:11,https://www.douban.com/people/youyou72/
707,0,1329562,5178831,50.0,2011-11-21 20:26:27,https://www.douban.com/people/56236593/
708,0,1329562,2079194,20.0,2009-06-17 19:57:34,https://www.douban.com/people/yyb/
709,0,1329562,1405296,,2008-06-11 12:26:55,https://www.douban.com/people/chengzide/
710,0,1329562,1022894,30.0,2006-01-29 15:40:30,https://www.douban.com/people/1089426/
711,0,1329562,8775545,50.0,2017-08-26 03:59:36,https://www.douban.com/people/81492765/
712,0,1329562,8651192,50.0,2017-07-08 01:41:54,https://www.douban.com/people/67560749/
713,0,1329562,7657115,30.0,2015-11-13 00:29:26,https://www.douban.com/people/Greenlemonngeow/
714,1,1329562,6558336,50.0,2014-02-22 17:06:49,https://www.douban.com/people/42650213/
715,0,1329562,6311356,50.0,2013-10-03 14:03:38,https://www.douban.com/people/74098431/
716,1,1329562,5385329,10.0,2012-04-12 11:04:24,https://www.douban.com/people/40149024/
717,0,1329562,5131943,40.0,2011-10-15 09:56:04,https://www.douban.com/people/gubutong/
718,0,1329562,5013802,40.0,2011-07-06 19:12:21,https://www.douban.com/people/geiligeili/
719,2,1329562,2225115,40.0,2009-08-13 21:04:15,https://www.douban.com/people/quickerrun/
720,1,1329562,1266648,40.0,2007-12-24 23:19:04,https://www.douban.com/people/tinn/
721,0,1329562,1188604,20.0,2007-08-03 22:41:56,https://www.douban.com/people/1333933/
722,0,1329562,1069244,30.0,2006-08-26 22:53:43,https://www.douban.com/people/irisalice/
723,0,1329562,1038611,20.0,2006-04-16 22:37:49,https://www.douban.com/people/seven321/
724,0,1329562,1009914,30.0,2005-11-08 13:15:53,https://www.douban.com/people/kaola/
725,2,1329562,1002717,30.0,2005-08-17 06:02:41,https://www.douban.com/people/yangfan/
726,21,1329562,1001708,30.0,2005-07-27 07:09:29,https://www.douban.com/people/senseless/
727,5,1329562,1001447,30.0,2005-07-18 09:19:50,https://www.douban.com/people/liulian/
728,2,1329562,1001187,30.0,2005-07-09 01:11:44,https://www.douban.com/people/1002576/
729,0,1329562,7881174,30.0,2016-05-05 12:05:27,https://www.douban.com/people/52434870/
730,0,1329562,7811550,30.0,2016-03-14 02:34:06,https://www.douban.com/people/126106434/
731,0,1329562,7542688,50.0,2015-07-21 21:30:24,https://www.douban.com/people/48972839/
732,0,1329562,7375836,40.0,2015-02-11 14:16:02,https://www.douban.com/people/62428038/
733,1,1329562,4882440,40.0,2011-03-29 11:25:21,https://www.douban.com/people/zy1104/
734,0,1329562,4880439,40.0,2011-03-27 23:50:31,https://www.douban.com/people/43727667/
735,0,1329562,4757148,30.0,2011-03-05 16:50:25,https://www.douban.com/people/joyeejoyee/
736,0,1329562,2179021,50.0,2009-07-30 16:04:12,https://www.douban.com/people/Taskcity/
737,0,1329562,2110513,40.0,2009-07-02 16:41:16,https://www.douban.com/people/shiersky/
738,0,1329562,1481171,50.0,2008-08-27 09:22:18,https://www.douban.com/people/2058412/
739,0,1329562,1187781,50.0,2007-08-02 10:15:16,https://www.douban.com/people/loty/
740,1,1329562,1144005,30.0,2007-04-11 23:35:44,https://www.douban.com/people/snail.lulu/
741,0,1329562,1116583,30.0,2007-01-27 15:43:08,https://www.douban.com/people/zxzy/
742,0,1329562,1083918,40.0,2006-10-22 18:39:01,https://www.douban.com/people/baby_27/
743,1,1329562,1002520,,2005-08-14 02:45:50,https://www.douban.com/people/vincichan/
744,0,1329562,10195872,40.0,2019-05-22 14:17:19,https://www.douban.com/people/59926004/
745,0,1329562,8380293,10.0,2017-02-24 06:17:25,https://www.douban.com/people/baosicong/
746,0,1329562,5881950,50.0,2013-04-20 00:23:44,https://www.douban.com/people/Lolita_Complex/
747,2,1329562,1303702,20.0,2008-02-14 13:05:29,https://www.douban.com/people/1856081/
748,0,1329562,1247448,30.0,2007-11-26 13:23:49,https://www.douban.com/people/2034216/
749,1,1329562,1022643,30.0,2006-01-27 12:48:52,https://www.douban.com/people/susanQ/
750,0,1329562,1211725,30.0,2007-09-22 11:24:52,https://www.douban.com/people/Danys/
751,7,1329562,1001697,10.0,2005-07-26 22:07:31,https://www.douban.com/people/1007939/
752,2,1329562,1001086,40.0,2005-07-05 00:13:23,https://www.douban.com/people/huzicha/
753,0,1329562,1319766,50.0,2008-03-06 14:36:37,https://www.douban.com/people/1024779/
754,0,1329562,1018370,30.0,2006-01-03 21:07:59,https://www.douban.com/people/1076080/
755,5,1329562,1002366,30.0,2005-08-11 21:17:53,https://www.douban.com/people/kangkang/
756,0,1329562,1154819,20.0,2007-05-11 16:29:44,https://www.douban.com/people/weizi1977/
757,0,1329562,1222129,20.0,2007-10-12 23:09:21,https://www.douban.com/people/crow./
758,1,1329562,1702270,30.0,2009-02-18 18:43:02,https://www.douban.com/people/h2x/
759,2,1329562,1561788,40.0,2008-11-21 06:52:07,https://www.douban.com/people/2680287/
760,0,1329562,9202373,30.0,2018-03-05 10:22:03,https://www.douban.com/people/150935266/
761,0,1329562,8558372,40.0,2017-05-23 14:56:24,https://www.douban.com/people/127081711/
762,0,1329562,9405926,40.0,2018-05-31 19:33:33,https://www.douban.com/people/154881409/
763,151,1329562,3707496,50.0,2010-09-19 22:05:09,https://www.douban.com/people/45974387/
764,223,1329562,1010597,30.0,2005-11-13 20:56:27,https://www.douban.com/people/hecaitou/
765,21,1329562,1867971,30.0,2009-03-12 23:39:45,https://www.douban.com/people/1080697/
766,31,1329562,5001082,40.0,2011-06-25 03:08:42,https://www.douban.com/people/3211969/
767,33,1329562,1004466,40.0,2005-09-08 15:05:51,https://www.douban.com/people/keke/
768,0,1329562,8491689,30.0,2017-04-21 19:08:32,https://www.douban.com/people/159293546/
769,6,1329562,4879718,40.0,2011-03-27 18:11:27,https://www.douban.com/people/moritz/
770,13,1329562,7371767,50.0,2015-02-08 00:11:26,https://www.douban.com/people/74273587/
771,0,1329562,9407093,40.0,2018-06-01 13:00:53,https://www.douban.com/people/171329040/
772,2,1329562,1026758,30.0,2006-02-19 01:38:16,https://www.douban.com/people/1006611/
773,0,1329562,7995519,40.0,2016-07-17 18:58:27,https://www.douban.com/people/57993058/
774,3,1329562,1027576,30.0,2006-02-23 17:16:01,https://www.douban.com/people/olala/
775,1,1329562,9931365,40.0,2019-02-01 22:42:57,https://www.douban.com/people/58934612/
776,3,1329562,1021312,30.0,2006-01-19 13:37:58,https://www.douban.com/people/amandajaja/
777,2,1329562,9708944,40.0,2018-10-16 14:56:33,https://www.douban.com/people/84541148/
778,6,1329562,1579808,30.0,2008-12-10 08:51:16,https://www.douban.com/people/guitarpoet/
779,0,1329562,8935480,40.0,2017-11-20 15:19:09,https://www.douban.com/people/shoulesola/
780,2,1329562,5297312,40.0,2012-02-08 12:06:23,https://www.douban.com/people/2370322/
781,0,1329562,8713614,40.0,2017-08-01 23:05:56,https://www.douban.com/people/157975380/
782,0,1329562,1662941,30.0,2009-02-07 14:30:14,https://www.douban.com/people/haohao1123/
783,0,1329562,1491729,40.0,2008-09-08 08:36:26,https://www.douban.com/people/2388822/
784,0,1329562,1447581,40.0,2008-07-22 15:09:25,https://www.douban.com/people/lingxi107/
785,0,1329562,1417225,30.0,2008-06-22 20:56:14,https://www.douban.com/people/1566516/
786,0,1329562,1396900,50.0,2008-06-02 22:53:45,https://www.douban.com/people/2429304/
787,0,1329562,1345368,30.0,2008-04-06 00:01:08,https://www.douban.com/people/chivalben/
788,0,1329562,1321815,30.0,2008-03-09 01:53:07,https://www.douban.com/people/Xings/
789,0,1329562,1313048,40.0,2008-02-26 14:13:51,https://www.douban.com/people/1331655/
790,0,1329562,1312515,40.0,2008-02-25 19:24:55,https://www.douban.com/people/khbr/
791,0,1329562,1296633,40.0,2008-02-03 13:44:49,https://www.douban.com/people/2208338/
792,0,1329562,1197251,30.0,2007-08-21 14:53:11,https://www.douban.com/people/1761754/
793,0,1329562,1107600,10.0,2007-01-05 08:49:14,https://www.douban.com/people/passer_liu/
794,0,1329562,1098270,30.0,2006-12-09 09:57:33,https://www.douban.com/people/haitang32/
795,0,1329562,1082436,30.0,2006-10-17 09:06:02,https://www.douban.com/people/xiaohu/
796,0,1329562,1027207,30.0,2006-02-21 14:21:02,https://www.douban.com/people/1100424/
797,1,1329562,1021757,30.0,2006-01-22 13:12:33,https://www.douban.com/people/elpmis/
798,0,1329562,1019734,40.0,2006-01-10 12:03:15,https://www.douban.com/people/1079500/
799,0,1329562,1016143,30.0,2005-12-20 22:15:20,https://www.douban.com/people/1065611/
800,0,1329562,1014510,40.0,2005-12-11 14:25:52,https://www.douban.com/people/1062010/
801,0,1329562,10352621,50.0,2019-07-29 22:12:43,https://www.douban.com/people/200712540/
802,0,1329562,10329738,50.0,2019-07-22 22:50:09,https://www.douban.com/people/200137959/
803,0,1329562,10304428,50.0,2019-07-13 00:41:40,https://www.douban.com/people/199602331/
804,0,1329562,10278412,40.0,2019-07-01 00:58:27,https://www.douban.com/people/173711144/
805,0,1329562,10253043,30.0,2019-06-19 17:54:57,https://www.douban.com/people/192094619/
806,0,1329562,10213438,50.0,2019-05-31 08:07:14,https://www.douban.com/people/179141839/
807,0,1329562,10179140,40.0,2019-05-14 02:29:57,https://www.douban.com/people/171348406/
808,0,1329562,10173491,50.0,2019-05-11 18:56:41,https://www.douban.com/people/196237514/
809,0,1329562,10133185,50.0,2019-04-24 09:13:29,https://www.douban.com/people/195231683/
810,0,1329562,9996898,40.0,2019-02-22 12:04:26,https://www.douban.com/people/182089447/
811,0,1329562,9985871,40.0,2019-02-17 20:21:38,https://www.douban.com/people/143126430/
812,1,1329562,9929273,30.0,2019-01-31 18:49:37,https://www.douban.com/people/181962162/
813,0,1329562,9868600,30.0,2019-01-03 03:49:59,https://www.douban.com/people/189178945/
814,0,1329562,9796791,50.0,2018-12-02 16:47:16,https://www.douban.com/people/54303217/
815,0,1329562,9796261,40.0,2018-12-02 11:43:49,https://www.douban.com/people/161309334/
816,0,1329562,9766026,30.0,2018-11-16 21:25:23,https://www.douban.com/people/122218140/
817,0,1329562,9728629,50.0,2018-10-27 20:48:59,https://www.douban.com/people/171830549/
818,0,1329562,9665231,50.0,2018-09-23 13:14:59,https://www.douban.com/people/161937070/
819,1,1329562,9606744,50.0,2018-08-21 13:53:01,https://www.douban.com/people/181469122/
820,0,1329562,9573152,30.0,2018-08-08 18:07:32,https://www.douban.com/people/179402485/
821,0,1329562,9565724,50.0,2018-08-05 15:43:13,https://www.douban.com/people/163070047/
822,0,1329562,9556078,50.0,2018-08-01 14:13:49,https://www.douban.com/people/140678879/
823,0,1329562,9509221,40.0,2018-07-12 03:13:23,https://www.douban.com/people/150955158/
824,0,1329562,9473116,50.0,2018-06-29 08:09:52,https://www.douban.com/people/67465650/
825,1,1329562,9447669,30.0,2018-06-22 18:44:14,https://www.douban.com/people/129563214/
826,0,1329562,9445559,40.0,2018-06-21 16:17:38,https://www.douban.com/people/161652095/
827,0,1329562,9426290,40.0,2018-06-11 04:01:46,https://www.douban.com/people/139221298/
828,0,1329562,9410075,40.0,2018-06-02 23:31:27,https://www.douban.com/people/160122197/
829,1,1329562,9403284,30.0,2018-05-30 12:08:54,https://www.douban.com/people/179227829/
830,0,1329562,9398159,50.0,2018-05-27 22:35:02,https://www.douban.com/people/169019468/
831,0,1329562,9379185,40.0,2018-05-19 17:22:16,https://www.douban.com/people/2429659/
832,0,1329562,9352926,50.0,2018-05-08 15:14:53,https://www.douban.com/people/88023576/
833,0,1329562,9286012,50.0,2018-04-10 01:35:46,https://www.douban.com/people/120636700/
834,0,1329562,9254829,40.0,2018-03-28 16:29:26,https://www.douban.com/people/169422342/
835,0,1329562,9235061,50.0,2018-03-19 11:14:20,https://www.douban.com/people/148477897/
836,0,1329562,9169736,30.0,2018-02-21 12:25:22,https://www.douban.com/people/155427222/
837,1,1329562,9133684,50.0,2018-02-07 08:46:49,https://www.douban.com/people/linlele/
838,0,1329562,9109659,40.0,2018-01-28 22:13:11,https://www.douban.com/people/121531936/
839,0,1329562,9104854,50.0,2018-01-27 01:04:39,https://www.douban.com/people/161350843/
840,0,1329562,9100490,50.0,2018-01-25 01:38:55,https://www.douban.com/people/phonicfei/
841,0,1329562,5649664,40.0,2012-11-10 23:25:26,https://www.douban.com/people/feuda/
842,0,1329562,5612857,40.0,2012-10-11 00:29:37,https://www.douban.com/people/65295199/
843,0,1329562,5437602,40.0,2012-05-22 12:07:22,https://www.douban.com/people/60491958/
844,0,1329562,5403961,50.0,2012-04-25 21:40:10,https://www.douban.com/people/coryzz/
845,0,1329562,5269727,40.0,2012-01-15 12:57:27,https://www.douban.com/people/57795664/
846,0,1329562,5148080,50.0,2011-10-30 03:40:33,https://www.douban.com/people/54458761/
847,0,1329562,5087320,40.0,2011-09-04 22:48:50,https://www.douban.com/people/34449623/
848,0,1329562,5036104,30.0,2011-07-24 13:52:01,https://www.douban.com/people/shandandan/
849,8,1329562,4893916,30.0,2011-04-05 15:09:58,https://www.douban.com/people/efforts/
850,1,1329562,4541613,30.0,2010-12-22 10:01:54,https://www.douban.com/people/48238287/
851,0,1329562,3486458,30.0,2010-07-30 15:31:51,https://www.douban.com/people/zayaza/
852,0,1329562,3343075,50.0,2010-06-19 20:34:18,https://www.douban.com/people/Stanleyann/
853,0,1329562,2920603,30.0,2010-01-07 22:34:24,https://www.douban.com/people/12051281/
854,0,1329562,2286214,50.0,2009-08-30 14:50:16,https://www.douban.com/people/3346428/
855,0,1329562,2280786,30.0,2009-08-28 13:19:26,https://www.douban.com/people/ro5e11e/
856,10,1329562,2206979,30.0,2009-08-08 15:38:29,https://www.douban.com/people/tintianten/
857,0,1329562,1934097,30.0,2009-03-29 16:52:25,https://www.douban.com/people/arthurwanglei/
858,0,1329562,8919306,50.0,2017-11-12 16:10:23,https://www.douban.com/people/151020988/
859,0,1329562,8827166,30.0,2017-09-23 08:30:44,https://www.douban.com/people/118317594/
860,0,1329562,8794881,30.0,2017-09-04 00:01:59,https://www.douban.com/people/68034976/
861,0,1329562,8588703,50.0,2017-06-08 00:53:48,https://www.douban.com/people/146889382/
862,0,1329562,8571922,40.0,2017-05-30 19:14:14,https://www.douban.com/people/RaphaelDeng/
863,0,1329562,8538697,50.0,2017-05-14 00:11:13,https://www.douban.com/people/139033640/
864,0,1329562,8454080,50.0,2017-04-02 22:41:17,https://www.douban.com/people/152460281/
865,0,1329562,8413414,30.0,2017-03-12 23:34:40,https://www.douban.com/people/152499007/
866,0,1329562,8375447,50.0,2017-02-21 18:27:59,https://www.douban.com/people/157645442/
867,0,1329562,8373395,40.0,2017-02-20 18:53:06,https://www.douban.com/people/151397917/
868,0,1329562,8358613,40.0,2017-02-14 11:42:07,https://www.douban.com/people/78222231/
869,0,1329562,8325619,30.0,2017-01-31 10:59:55,https://www.douban.com/people/fangfang5/
870,0,1329562,8313162,30.0,2017-01-26 12:10:43,https://www.douban.com/people/155894997/
871,0,1329562,8189943,40.0,2016-11-22 20:54:48,https://www.douban.com/people/CandiceShao/
872,0,1329562,8188961,50.0,2016-11-22 10:04:30,https://www.douban.com/people/fh19910125/
873,0,1329562,8180742,30.0,2016-11-18 11:01:00,https://www.douban.com/people/54382756/
874,0,1329562,8133333,50.0,2016-10-17 19:12:01,https://www.douban.com/people/68468633/
875,0,1329562,8112482,40.0,2016-10-03 10:56:11,https://www.douban.com/people/Arks/
876,1,1329562,7962413,50.0,2016-07-03 19:38:53,https://www.douban.com/people/63172174/
877,0,1329562,7711048,40.0,2015-12-29 14:34:51,https://www.douban.com/people/77322988/
878,0,1329562,1039960,40.0,2006-04-22 23:35:59,https://www.douban.com/people/1113972/
879,0,1329562,1008815,30.0,2005-10-29 07:33:24,https://www.douban.com/people/eliza/
880,0,1329562,1003632,40.0,2005-08-30 01:40:23,https://www.douban.com/people/zhubajie/
881,1,1329562,1001299,30.0,2005-07-12 23:54:30,https://www.douban.com/people/rayon/
882,0,1329562,1001253,40.0,2005-07-12 01:34:33,https://www.douban.com/people/danRyan/
883,0,1329562,10615128,40.0,2019-10-29 23:19:58,https://www.douban.com/people/70823838/
884,0,1329562,10570133,40.0,2019-10-12 15:09:31,https://www.douban.com/people/156542412/
885,1,1329562,10552640,20.0,2019-10-04 22:05:00,https://www.douban.com/people/157111354/
886,0,1329562,10544568,40.0,2019-10-02 00:54:47,https://www.douban.com/people/168638933/
887,0,1329562,10470740,40.0,2019-09-07 20:45:28,https://www.douban.com/people/78566213/
888,0,1329562,10452824,30.0,2019-08-31 17:13:22,https://www.douban.com/people/187792847/
889,0,1329562,10397923,50.0,2019-08-11 16:47:17,https://www.douban.com/people/200292169/
890,0,1329562,10387258,40.0,2019-08-09 12:01:54,https://www.douban.com/people/171424651/
891,0,1329562,10386714,50.0,2019-08-09 09:44:43,https://www.douban.com/people/181873567/
892,0,1329562,10385564,50.0,2019-08-08 22:52:50,https://www.douban.com/people/201292552/
893,0,1329562,10373812,50.0,2019-08-04 23:38:49,https://www.douban.com/people/115702430/
894,0,1329562,10373162,50.0,2019-08-04 21:22:23,https://www.douban.com/people/199338598/
895,0,1329562,10359640,40.0,2019-07-31 22:03:54,https://www.douban.com/people/195700396/
896,0,1329562,10355663,50.0,2019-07-30 19:33:23,https://www.douban.com/people/114621465/
897,0,1299238,4565074,40.0,2011-01-05 14:47:57,https://www.douban.com/people/there5/
898,0,1299238,10223024,40.0,2019-06-05 12:07:23,https://www.douban.com/people/184707016/
899,0,1299238,10115659,30.0,2019-04-15 18:11:17,https://www.douban.com/people/jinpiankong/
900,0,1299238,7635025,40.0,2015-10-22 12:32:33,https://www.douban.com/people/51739806/
901,0,1299238,5054500,40.0,2011-08-07 21:26:49,https://www.douban.com/people/46885138/
902,0,1299238,3017352,40.0,2010-02-26 13:57:57,https://www.douban.com/people/2081068/
903,0,1299238,4461937,50.0,2010-11-13 11:38:20,https://www.douban.com/people/47142789/
904,0,1829356,1392722,50.0,2008-05-29 20:05:00,https://www.douban.com/people/apwangzh/
905,0,1829356,1152392,30.0,2007-05-05 14:13:56,https://www.douban.com/people/1237761/
906,0,1829356,4914087,30.0,2011-04-19 20:57:24,https://www.douban.com/people/liuqiang/
907,1,1829356,1323207,40.0,2008-03-10 20:48:49,https://www.douban.com/people/appooo/
908,3,1829356,1152998,30.0,2007-05-06 21:28:29,https://www.douban.com/people/1255687/
909,0,1829356,5784178,20.0,2013-02-19 18:28:58,https://www.douban.com/people/itheque/
910,0,1829356,3002698,30.0,2010-02-20 21:18:11,https://www.douban.com/people/Auto-washer/
911,0,1829356,1372166,30.0,2008-05-05 17:13:23,https://www.douban.com/people/lovewinny/
912,1,1299228,6699702,50.0,2014-06-12 11:57:28,https://www.douban.com/people/moviefun/
913,0,1299228,8158685,50.0,2016-11-05 17:43:47,https://www.douban.com/people/LiquidSwords/
914,0,1299228,5213941,50.0,2011-12-15 13:31:41,https://www.douban.com/people/2759146/
915,0,1299228,7946556,50.0,2016-06-21 16:45:23,https://www.douban.com/people/142349270/
916,1,5112681,6467311,30.0,2013-12-18 23:43:50,https://www.douban.com/people/2574034/
917,0,1293034,6317828,50.0,2013-10-07 23:20:29,https://www.douban.com/people/talkingjive/
918,0,1293034,1023777,50.0,2006-02-03 23:33:32,https://www.douban.com/people/rapheal/
919,0,1293034,10571008,,2019-10-12 23:08:43,https://www.douban.com/people/chloeym/
920,0,1293034,10430875,40.0,2019-08-22 16:06:08,https://www.douban.com/people/2853514/
921,1,1293034,10187741,40.0,2019-05-18 16:02:30,https://www.douban.com/people/172366678/
922,0,1293034,9801688,50.0,2018-12-04 23:14:29,https://www.douban.com/people/170706151/
923,0,1293034,9714132,40.0,2018-10-19 12:34:53,https://www.douban.com/people/172067468/
924,0,1293034,9669889,50.0,2018-09-25 22:04:39,https://www.douban.com/people/179278002/
925,0,1293034,9299710,50.0,2018-04-16 01:24:12,https://www.douban.com/people/wlqjk/
926,0,1293034,8744600,40.0,2017-08-12 20:06:05,https://www.douban.com/people/146227238/
927,0,1293034,6697508,30.0,2014-06-10 03:46:24,https://www.douban.com/people/2559021/
928,0,1293034,3016100,40.0,2010-02-26 00:36:31,https://www.douban.com/people/3632065/
929,0,1293034,2094034,40.0,2009-06-25 18:32:22,https://www.douban.com/people/Corpse/
930,0,1293034,1271706,40.0,2008-01-01 05:07:11,https://www.douban.com/people/tuxue/
931,0,1293034,1078311,40.0,2006-10-02 16:58:25,https://www.douban.com/people/1268010/
932,2,1293034,1026018,30.0,2006-02-15 10:07:48,https://www.douban.com/people/pickerel/
933,0,1293034,5799720,50.0,2013-03-04 16:06:42,https://www.douban.com/people/63046201/
934,0,1293034,7198403,50.0,2014-11-19 09:30:48,https://www.douban.com/people/Celloman/
935,0,1293034,4534552,50.0,2010-12-18 20:49:24,https://www.douban.com/people/2145018/
936,0,1293034,5328379,50.0,2012-03-02 22:42:47,https://www.douban.com/people/xichuangzhu/
937,0,1293034,3289946,50.0,2010-05-23 15:15:52,https://www.douban.com/people/1155527/
938,0,1293034,1501815,40.0,2008-09-20 16:58:59,https://www.douban.com/people/unepierre/
939,8,1293034,1003416,40.0,2005-08-27 22:41:13,https://www.douban.com/people/conjee/
940,7,1293034,1607447,40.0,2009-01-04 13:46:43,https://www.douban.com/people/1055387/
941,5,1293034,1167220,40.0,2007-06-13 20:28:38,https://www.douban.com/people/1205417/
942,3,1293034,1987792,50.0,2009-04-24 15:48:24,https://www.douban.com/people/M.MixEr/
943,8,1293034,1080463,40.0,2006-10-10 10:20:17,https://www.douban.com/people/snap/
944,28,1293034,2117761,30.0,2009-07-04 20:15:08,https://www.douban.com/people/nadja/
945,8,1293034,1076265,40.0,2006-09-24 12:46:15,https://www.douban.com/people/ThinkingCat/
946,0,1293034,10053172,50.0,2019-03-19 10:19:25,https://www.douban.com/people/159596594/
947,0,1293034,5465341,50.0,2012-06-14 09:49:07,https://www.douban.com/people/Onion_sis/
948,1,1293034,2868577,50.0,2009-12-17 19:00:36,https://www.douban.com/people/blue1929/
949,5,1293034,1235907,40.0,2007-11-08 01:29:39,https://www.douban.com/people/Fev-susu/
950,0,1293034,1113580,40.0,2007-01-20 01:15:14,https://www.douban.com/people/apple0622/
951,0,1293034,1023515,50.0,2006-02-02 19:39:51,https://www.douban.com/people/acidrain/
952,0,1293034,2123446,40.0,2009-07-07 11:09:48,https://www.douban.com/people/dashudashu/
953,1,1293034,5421536,40.0,2012-05-09 19:00:50,https://www.douban.com/people/2606455/
954,0,1293034,2034836,30.0,2009-05-22 14:58:34,https://www.douban.com/people/qinqinde/
955,0,1293034,10099722,50.0,2019-04-09 01:14:04,https://www.douban.com/people/169940570/
956,0,1293034,1961802,50.0,2009-04-14 11:07:48,https://www.douban.com/people/zhongshuishui/
957,0,1293034,1076906,40.0,2006-09-26 23:44:22,https://www.douban.com/people/1257000/
958,0,1293034,1011834,40.0,2005-11-22 11:04:04,https://www.douban.com/people/niuniuma/
959,1,2225433,4905729,30.0,2011-04-13 13:49:53,https://www.douban.com/people/44566099/
960,0,1295578,7693295,40.0,2015-12-16 18:39:36,https://www.douban.com/people/41533651/
961,1,1295578,9820127,50.0,2018-12-12 15:05:22,https://www.douban.com/people/188339500/
962,0,1295578,9884010,40.0,2019-01-09 13:54:39,https://www.douban.com/people/76872548/
963,1,1295578,5239539,30.0,2012-01-01 03:22:14,https://www.douban.com/people/blueskyfly/
964,0,1295578,5033809,50.0,2011-07-22 15:56:50,https://www.douban.com/people/renanan2012/
965,0,1295578,2999388,30.0,2010-02-18 23:15:26,https://www.douban.com/people/susantang/
966,15,1295578,3031710,40.0,2010-03-03 11:17:32,https://www.douban.com/people/mrsoul/
967,1,2059572,5490194,40.0,2012-07-03 21:53:38,https://www.douban.com/people/T.T/
968,0,1293507,7472344,40.0,2015-05-14 12:46:50,https://www.douban.com/people/fdq0101/
969,0,1761824,1064954,10.0,2006-08-11 11:00:39,https://www.douban.com/people/w85824/
970,0,1761824,1107902,40.0,2007-01-05 21:26:43,https://www.douban.com/people/gloriahan/
971,0,11584024,6600267,40.0,2014-03-22 18:35:52,https://www.douban.com/people/10966120/
972,0,11584024,6579496,40.0,2014-03-09 16:22:05,https://www.douban.com/people/yh_xinyi/
973,0,11584024,6572781,50.0,2014-03-04 18:18:49,https://www.douban.com/people/lullaby_/
974,0,11584024,9326973,40.0,2018-04-28 22:36:23,https://www.douban.com/people/157518969/
975,1,11584024,8610962,40.0,2017-06-18 18:06:08,https://www.douban.com/people/153850425/
976,0,11584024,8602436,40.0,2017-06-14 18:16:04,https://www.douban.com/people/159223292/
977,0,11584024,6694711,50.0,2014-06-07 13:13:36,https://www.douban.com/people/64785103/
978,0,11584024,6590313,50.0,2014-03-16 00:00:22,https://www.douban.com/people/58879839/
979,16,11584024,6572174,40.0,2014-03-04 12:07:42,https://www.douban.com/people/33805511/
980,5,11584024,6581819,50.0,2014-03-10 22:32:33,https://www.douban.com/people/sola123/
981,14,11584024,6572861,50.0,2014-03-04 19:51:37,https://www.douban.com/people/52098655/
982,9,11584024,6569962,50.0,2014-03-02 17:29:45,https://www.douban.com/people/hachien/
983,2,11584024,6569697,50.0,2014-03-02 14:27:25,https://www.douban.com/people/83466766/
984,0,11584024,6709631,40.0,2014-06-20 21:47:28,https://www.douban.com/people/youxuyao/
985,0,11584024,6573129,40.0,2014-03-04 22:57:24,https://www.douban.com/people/83734475/
986,0,11584024,10412769,50.0,2019-08-16 08:48:19,https://www.douban.com/people/150084257/
987,0,11584024,10152409,50.0,2019-05-02 19:45:04,https://www.douban.com/people/143126779/
988,0,11584024,10054670,40.0,2019-03-19 23:58:23,https://www.douban.com/people/wanzhijiang/
989,0,11584024,9172608,40.0,2018-02-22 10:56:40,https://www.douban.com/people/174342027/
990,0,11584024,8894398,50.0,2017-10-30 11:38:19,https://www.douban.com/people/60872387/
991,0,11584024,8539427,50.0,2017-05-14 12:32:49,https://www.douban.com/people/155522850/
992,0,11584024,6846451,40.0,2014-08-25 17:37:01,https://www.douban.com/people/64281676/
993,0,11584024,6574279,30.0,2014-03-05 18:45:11,https://www.douban.com/people/45282733/
994,0,11584024,7590168,50.0,2015-09-03 17:36:19,https://www.douban.com/people/132018234/
995,0,11584024,7497997,50.0,2015-06-12 12:48:39,https://www.douban.com/people/129493217/
996,0,11584024,7377339,40.0,2015-02-12 18:03:19,https://www.douban.com/people/54744218/
997,2,1308427,1079551,40.0,2006-10-07 00:39:38,https://www.douban.com/people/wjcbma/
998,6,1303580,3481578,40.0,2010-07-28 12:00:24,https://www.douban.com/people/1006301/
999,0,1303580,1826835,40.0,2009-03-09 05:48:22,https://www.douban.com/people/fancyfree/
