{"name":"Arizona Biltmore Golf Club","address":"2818 E Camino Acequia Drive","city":"Phoenix","state":"AZ","postal_code":"85016","latitude":33.5221425,"longitude":-112.0184807,"stars":"NA","review_count":"NA","is_open":0,"attributes":{"GoodForKids":"False"},"categories":"Golf, Active Life","hours":null}
{"name":"Emerald Chinese Restaurant","address":"30 Eglinton Avenue W","city":"Mississauga","state":"ON","postal_code":"L5R 3E7","latitude":43.6054989743,"longitude":-79.652288909,"stars":"NA","review_count":"NA","is_open":1,"attributes":{"RestaurantsReservations":"True","GoodForMeal":"{'dessert': False, 'latenight': False, 'lunch': True, 'dinner': True, 'brunch': False, 'breakfast': False}","BusinessParking":"{'garage': False, 'street': False, 'validated': False, 'lot': True, 'valet': False}","Caters":"True","NoiseLevel":"u'loud'","RestaurantsTableService":"True","RestaurantsTakeOut":"True","RestaurantsPriceRange2":"2","OutdoorSeating":"False","BikeParking":"False","Ambience":"{'romantic': False, 'intimate': False, 'classy': False, 'hipster': False, 'divey': False, 'touristy': False, 'trendy': False, 'upscale': False, 'casual': True}","HasTV":"False","WiFi":"u'no'","GoodForKids":"True","Alcohol":"u'full_bar'","RestaurantsAttire":"u'casual'","RestaurantsGoodForGroups":"True","RestaurantsDelivery":"False"},"categories":"Specialty Food, Restaurants, Dim Sum, Imported Food, Food, Chinese, Ethnic Food, Seafood","hours":{"Monday":"9:0-0:0","Tuesday":"9:0-0:0","Wednesday":"9:0-0:0","Thursday":"9:0-0:0","Friday":"9:0-1:0","Saturday":"9:0-1:0","Sunday":"9:0-0:0"}}
{"name":"Musashi Japanese Restaurant","address":"10110 Johnston Rd, Ste 15","city":"Charlotte","state":"NC","postal_code":"28210","latitude":35.092564,"longitude":-80.859132,"stars":"NA","review_count":"NA","is_open":1,"attributes":{"GoodForKids":"True","NoiseLevel":"u'average'","RestaurantsDelivery":"False","GoodForMeal":"{'dessert': False, 'latenight': False, 'lunch': True, 'dinner': True, 'brunch': False, 'breakfast': False}","Alcohol":"u'beer_and_wine'","Caters":"False","WiFi":"u'no'","RestaurantsTakeOut":"True","BusinessAcceptsCreditCards":"True","Ambience":"{'romantic': False, 'intimate': False, 'touristy': False, 'hipster': False, 'divey': False, 'classy': False, 'trendy': False, 'upscale': False, 'casual': True}","BusinessParking":"{'garage': False, 'street': False, 'validated': False, 'lot': True, 'valet': False}","RestaurantsTableService":"True","RestaurantsGoodForGroups":"True","OutdoorSeating":"False","HasTV":"True","BikeParking":"True","RestaurantsReservations":"True","RestaurantsPriceRange2":"2","RestaurantsAttire":"'casual'"},"categories":"Sushi Bars, Restaurants, Japanese","hours":{"Monday":"17:30-21:30","Wednesday":"17:30-21:30","Thursday":"17:30-21:30","Friday":"17:30-22:0","Saturday":"17:30-22:0","Sunday":"17:30-21:0"}}
{"name":"Farmers Insurance - Paul Lorenz","address":"15655 W Roosevelt St, Ste 237","city":"Goodyear","state":"AZ","postal_code":"85338","latitude":33.4556129678,"longitude":-112.3955963552,"stars":"NA","review_count":"NA","is_open":1,"attributes":null,"categories":"Insurance, Financial Services","hours":{"Monday":"8:0-17:0","Tuesday":"8:0-17:0","Wednesday":"8:0-17:0","Thursday":"8:0-17:0","Friday":"8:0-17:0"}}
{"name":"Queen City Plumbing","address":"4209 Stuart Andrew Blvd, Ste F","city":"Charlotte","state":"NC","postal_code":"28217","latitude":35.1900119,"longitude":-80.8872232,"stars":"NA","review_count":"NA","is_open":1,"attributes":{"BusinessAcceptsBitcoin":"False","ByAppointmentOnly":"True","BusinessAcceptsCreditCards":"True"},"categories":"Plumbing, Shopping, Local Services, Home Services, Kitchen & Bath, Home & Garden, Water Heater Installation\/Repair","hours":{"Monday":"7:0-23:0","Tuesday":"7:0-23:0","Wednesday":"7:0-23:0","Thursday":"7:0-23:0","Friday":"7:0-23:0","Saturday":"7:0-23:0","Sunday":"7:0-23:0"}}
{"name":"The UPS Store","address":"Credit Valley Town Plaza, F2 - 6045 Creditview Rd","city":"Mississauga","state":"ON","postal_code":"L5V 0B1","latitude":43.5994753,"longitude":-79.7115835,"stars":"NA","review_count":"NA","is_open":1,"attributes":{"BusinessParking":"{'garage': False, 'street': False, 'validated': False, 'lot': False, 'valet': False}","RestaurantsPriceRange2":"2"},"categories":"Shipping Centers, Couriers & Delivery Services, Local Services, Printing Services","hours":{"Monday":"9:0-19:0","Tuesday":"9:0-20:0","Wednesday":"9:0-20:0","Thursday":"9:0-20:0","Friday":"9:0-19:0","Saturday":"10:0-16:0"}}
{"name":"Edgeworxx Studio","address":"20 Douglas Woods Drive Southeast","city":"Calgary","state":"AB","postal_code":"T2Z 1K4","latitude":50.9436456,"longitude":-114.0018283,"stars":"NA","review_count":"NA","is_open":1,"attributes":{"RestaurantsPriceRange2":"2","BusinessParking":"{'garage': False, 'street': False, 'validated': False, 'lot': True, 'valet': False}","ByAppointmentOnly":"True"},"categories":"Beauty & Spas, Hair Salons","hours":null}
{"name":"Supercuts","address":"4545 E Tropicana Rd Ste 8, Tropicana","city":"Las Vegas","state":"NV","postal_code":"89121","latitude":36.099872,"longitude":-115.074574,"stars":"NA","review_count":"NA","is_open":1,"attributes":{"RestaurantsPriceRange2":"3","GoodForKids":"True","BusinessAcceptsCreditCards":"True","ByAppointmentOnly":"False","BikeParking":"False"},"categories":"Hair Salons, Hair Stylists, Barbers, Men's Hair Salons, Cosmetics & Beauty Supply, Shopping, Beauty & Spas","hours":{"Monday":"10:0-19:0","Tuesday":"10:0-19:0","Wednesday":"10:0-19:0","Thursday":"10:0-19:0","Friday":"10:0-19:0","Saturday":"10:0-19:0","Sunday":"10:0-18:0"}}
{"name":"Vita Bella Fine Day Spa","address":"5940 W Union Hills Dr","city":"Glendale","state":"AZ","postal_code":"85308","latitude":33.6548146,"longitude":-112.1885676,"stars":"NA","review_count":"NA","is_open":0,"attributes":{"RestaurantsPriceRange2":"2","ByAppointmentOnly":"True","BusinessParking":"{'garage': False, 'street': False, 'validated': False, 'lot': True, 'valet': False}","BusinessAcceptsCreditCards":"True","BikeParking":"False"},"categories":"Nail Salons, Beauty & Spas, Day Spas","hours":{"Tuesday":"12:0-18:0","Wednesday":"10:0-18:0","Thursday":"12:0-18:0","Friday":"10:0-17:0","Saturday":"10:0-14:0"}}
{"name":"Options Salon & Spa","address":"21689 Lorain Rd","city":"Fairview Park","state":"OH","postal_code":"44126","latitude":41.4408252653,"longitude":-81.8540965503,"stars":"NA","review_count":"NA","is_open":1,"attributes":{"ByAppointmentOnly":"False","BusinessAcceptsCreditCards":"True","RestaurantsPriceRange2":"2","BusinessParking":"{'garage': False, 'street': False, 'validated': False, 'lot': True, 'valet': False}","AcceptsInsurance":"False"},"categories":"Beauty & Spas, Nail Salons, Day Spas, Massage","hours":{"Tuesday":"9:0-21:0","Wednesday":"9:0-21:0","Thursday":"9:0-21:0","Friday":"9:0-19:0","Saturday":"9:0-16:0"}}
