"index","id","y","x1","x2","x3","x4","x5","x6","x7"
"1",1,2904.5,24,55,31,3,0,7,20
"2",2,1706.7,5,25,39,3,1,4,30
"3",3,3083.5,17,60,45,3,0,8,32
"4",4,3949.2,26,67,35,2,1,8,22
"5",5,5072.2,45,72,39,1,1,10,27
"6",6,3409.7,14,89,41,4,1,14,23
"7",7,4380.5,41,33,43,2,0,5,35
"8",8,3399,8,96,43,2,0,14,28
"9",9,5800.2,51,97,47,2,1,11,34
"10",10,4507.5,44,75,36,3,0,10,22
"11",11,4551.2,46,88,43,2,1,8,30
"12",12,4506,46,23,41,3,0,3,33
"13",13,2766.7,31,20,38,4,1,2,31
"14",14,4091.2,31,70,33,1,1,9,19
"15",15,3239.2,3,95,37,3,1,15,17
"16",16,2842.5,5,97,47,1,0,15,30
"17",17,4295.5,30,96,47,3,0,16,30
"18",18,3673.5,23,74,46,4,0,10,31
"19",19,3366,36,39,46,3,0,4,39
"20",20,3727.2,27,95,42,1,1,9,29
"21",21,2275,6,39,49,2,0,5,40
"22",22,4140,36,44,32,3,0,6,21
"23",23,5109.2,49,56,48,1,1,6,41
"24",24,1771,8,22,34,1,0,2,31
"25",25,4155.5,25,74,37,1,0,11,24
"26",26,1820,1,37,42,2,0,5,36
"27",27,3183.5,23,20,33,1,0,2,26
"28",28,3461,23,50,30,1,0,6,19
"29",29,2367.2,14,50,34,3,1,7,23
"30",30,2900.2,27,53,30,1,1,6,23
"31",31,4096,26,58,48,4,0,8,36
"32",32,3952.5,38,68,43,2,0,10,29
"33",33,4090.7,33,58,37,3,1,6,26
"34",34,2976,10,60,48,1,0,7,37
"35",35,3044.7,19,43,45,3,1,7,36
"36",36,4347.2,34,85,41,2,1,12,26
"37",37,2693.5,2,56,48,1,0,9,34
"38",38,3223.5,18,36,30,2,0,6,21
"39",39,5512.5,41,91,46,2,0,15,27
"40",40,3097.5,8,65,37,1,0,7,26
"41",41,3690.7,19,89,40,1,1,10,26
"42",42,3250.7,30,47,33,4,1,7,25
"43",43,3261.7,16,86,39,1,1,9,26
"44",44,3624.2,30,36,41,4,1,5,32
"45",45,3920.5,35,35,40,1,0,5,34
"46",46,3444.7,13,84,36,1,1,8,26
"47",47,4989.2,46,86,40,1,1,10,29
"48",48,2272.7,6,27,39,3,1,2,34
"49",49,4936.7,50,67,35,2,1,8,23
"50",50,4011,29,67,34,1,0,11,19
"51",51,4731.2,46,86,37,2,1,10,24
"52",52,4675,48,92,43,3,0,10,31
"53",53,4459.7,34,99,30,4,1,11,17
"54",54,4753,35,99,31,1,0,14,13
"55",55,3586.7,10,76,49,3,1,12,36
"56",56,4129.5,46,36,34,2,0,4,27
"57",57,4851.5,40,76,36,2,0,10,25
"58",58,3977.2,25,83,45,2,1,10,30
"59",59,5496.2,42,94,44,3,1,14,29
"60",60,2598.2,9,70,30,4,1,10,16
"61",61,3885,24,69,36,3,0,9,25
"62",62,3630.2,32,65,30,3,1,6,21
"63",63,3066,7,57,49,4,0,8,36
"64",64,4590,48,67,37,4,0,7,28
"65",65,4808.2,47,63,48,1,1,7,37
"66",66,3698,17,67,38,2,0,11,26
"67",67,4668.7,36,95,49,4,1,15,31
"68",68,3178.7,19,40,39,4,1,5,29
"69",69,3640.2,40,29,30,4,1,3,26
"70",70,4490.7,47,71,38,3,1,9,28
"71",71,2807.2,4,96,49,1,1,11,33
"72",72,3976.5,35,27,41,2,0,3,35
"73",73,4182.7,42,38,49,1,1,4,44
"74",74,3220,8,64,40,4,0,9,30
"75",75,4381.5,45,24,32,1,0,3,26
"76",76,4014.2,44,57,44,1,1,7,35
"77",77,2295.7,18,29,32,4,1,3,25
"78",78,3545.7,36,21,45,2,1,3,41
"79",79,2846.2,14,30,36,1,1,4,29
"80",80,3042.7,8,64,33,1,1,7,24
"81",81,5098.5,40,97,37,2,0,15,21
"82",82,3434.2,20,64,46,2,1,10,32
"83",83,3236.7,9,70,35,1,1,10,22
"84",84,2891,6,55,30,1,0,8,17
"85",85,3177.2,23,34,36,1,1,5,29
"86",86,4073,37,42,32,3,0,7,21
"87",87,2207.7,12,40,32,1,1,4,26
"88",88,4401.7,36,51,47,4,1,7,35
"89",89,5255.2,47,92,42,2,1,15,24
"90",90,5021,41,90,49,3,0,15,31
"91",91,3572,32,53,30,2,0,8,18
"92",92,3663.7,25,45,40,3,1,7,28
"93",93,4313.2,32,62,48,2,1,7,40
"94",94,2840.2,11,81,41,1,1,9,31
"95",95,3127.7,17,55,40,4,1,5,33
"96",96,2877,6,63,46,3,0,10,35
"97",97,3942.5,26,64,45,2,0,9,33
"98",98,2517,2,62,30,2,0,10,16
"99",99,4785.5,48,90,40,2,0,9,29
"100",100,4357,49,57,39,4,0,7,28
"101",101,4705.2,41,78,42,2,1,11,30
"102",102,5056.5,48,69,32,2,0,7,23
"103",103,4243.7,32,70,32,2,1,11,17
"104",104,4311.7,36,99,38,3,1,17,16
"105",105,3097.7,20,25,31,1,1,3,26
"106",106,1672.2,2,48,32,4,1,7,22
"107",107,5015.2,42,78,43,1,1,13,29
"108",108,3531.5,37,27,43,4,0,3,39
"109",109,3763.7,24,52,30,4,1,8,19
"110",110,5208.5,51,99,46,4,0,15,27
"111",111,4094.5,38,40,36,3,0,5,28
"112",112,2960.2,25,45,30,2,1,7,22
"113",113,3105,25,28,37,3,0,4,31
"114",114,3844.2,39,72,30,4,1,7,22
"115",115,4769.2,49,67,30,1,1,11,17
"116",116,3616.2,5,87,49,3,1,13,31
"117",117,3914.2,26,60,42,3,1,8,31
"118",118,3857.7,24,63,37,3,1,6,26
"119",119,3375.7,17,84,47,4,1,10,33
"120",120,4225.5,47,49,33,2,0,5,25
"121",121,4111.5,44,23,45,2,0,2,39
"122",122,2134,8,40,44,1,0,6,33
"123",123,2881.7,16,39,46,2,1,6,37
"124",124,3947.7,28,78,45,4,1,11,29
"125",125,3192.5,23,32,38,3,0,3,32
"126",126,4324,41,82,36,3,0,10,25
"127",127,3327.2,25,30,45,1,1,3,39
"128",128,3895.5,42,20,31,4,0,2,25
"129",129,4043,45,50,35,1,0,7,27
"130",130,2644.5,11,61,31,2,0,7,21
"131",131,4753.7,47,40,38,3,1,4,30
"132",132,2474.2,9,34,45,2,1,3,38
"133",133,4374.5,40,79,31,2,0,7,19
"134",134,5274,42,94,43,2,0,15,24
"135",135,3617.2,29,77,41,1,1,8,29
"136",136,2963.7,15,78,34,3,1,11,18
"137",137,3625.5,22,97,42,1,0,13,26
"138",138,3831.7,36,52,48,4,1,6,41
"139",139,3307,28,39,31,3,0,5,23
"140",140,2402,19,28,48,4,0,2,44
"141",141,4001.7,20,99,41,4,1,11,29
"142",142,5024.2,45,75,31,4,1,12,14
"143",143,5104.5,45,73,34,3,0,12,20
"144",144,2673.2,11,50,48,1,1,8,39
"145",145,3532,31,87,30,1,0,9,19
"146",146,3692.7,41,29,40,2,1,4,35
"147",147,3627.5,28,37,49,2,0,5,39
"148",148,4399.2,38,49,34,2,1,7,22
"149",149,2363.2,5,52,34,1,1,7,25
"150",150,4449.5,43,27,44,2,0,3,37
"151",151,3101.2,32,36,42,3,1,4,35
"152",152,4230.5,28,78,31,2,0,13,17
"153",153,1440.7,3,28,33,2,1,3,27
"154",154,3281.2,7,82,32,2,1,10,20
"155",155,3015.7,24,33,30,1,1,5,20
"156",156,3797,26,95,41,4,0,12,24
"157",157,2392.5,9,54,32,3,0,7,20
"158",158,4050.5,41,55,40,4,0,6,33
"159",159,4875.7,47,91,40,4,1,13,25
"160",160,3980.5,13,86,49,2,0,12,33
"161",161,4167,44,40,40,2,0,6,30
"162",162,2737.5,15,57,45,4,0,7,37
"163",163,4620.7,46,72,40,1,1,10,28
"164",164,3022,31,27,44,2,0,3,36
"165",165,4901,51,87,37,1,0,11,23
"166",166,3137.2,28,30,34,1,1,3,29
"167",167,2526.2,15,33,37,4,1,3,30
"168",168,3431.5,9,98,35,4,0,17,13
"169",169,2695.7,7,53,42,4,1,9,31
"170",170,4061.5,44,50,46,2,0,6,37
"171",171,3420.7,29,65,49,1,1,8,40
"172",172,4582,28,87,47,3,0,12,31
"173",173,3195.7,20,42,42,1,1,4,34
"174",174,4477.7,32,78,33,2,1,10,21
"175",175,2900.5,19,32,35,1,0,4,26
"176",176,2257,9,21,44,2,0,3,40
"177",177,5021,44,65,36,4,0,10,24
"178",178,2190.5,9,36,36,3,0,5,26
"179",179,2596.7,11,61,40,1,1,8,30
"180",180,3411.5,21,76,33,1,0,9,20
"181",181,3728.5,27,97,40,3,0,11,24
"182",182,5074.7,47,54,46,3,1,8,36
"183",183,3183.5,11,53,39,2,0,8,29
"184",184,2116,19,22,30,4,0,3,26
"185",185,2539,18,24,37,2,0,2,30
"186",186,4917,43,69,37,1,0,11,25
"187",187,2876,22,28,49,3,0,4,43
"188",188,4066.5,40,33,35,2,0,5,25
"189",189,2863.5,15,55,47,2,0,5,41
"190",190,3203,6,91,40,1,0,15,21
"191",191,3878.5,36,67,30,2,0,9,19
"192",192,4380.5,22,93,35,1,0,16,14
"193",193,3691.2,37,65,32,2,1,8,22
"194",194,4084.7,30,47,34,2,1,8,21
"195",195,3175,9,71,48,4,0,8,36
"196",196,4109.5,24,94,39,1,0,12,24
"197",197,3683.2,27,57,48,2,1,7,38
"198",198,2792.2,13,63,46,2,1,9,34
"199",199,2961.2,10,97,32,4,1,12,16
"200",200,2563,8,68,37,3,0,7,27
"201",201,3169.7,20,30,37,2,1,5,31
"202",202,3148.5,5,74,39,1,0,10,26
"203",203,5152.7,45,68,38,2,1,10,27
"204",204,1867.2,13,21,38,1,1,2,35
"205",205,3989,37,57,44,3,0,7,33
"206",206,3546,24,73,32,3,0,11,19
"207",207,2467,18,28,39,3,0,3,35
"208",208,3074.7,3,73,42,3,1,9,32
"209",209,2847,8,44,35,1,0,5,29
"210",210,1860,3,46,39,1,0,4,33
"211",211,4376,40,72,32,4,0,8,20
"212",212,1800.5,11,21,47,1,0,3,42
"213",213,4272,25,70,43,2,0,9,30
"214",214,4849.2,45,53,40,4,1,7,28
"215",215,4647.5,34,91,40,1,0,13,22
"216",216,3281.7,8,79,33,2,1,8,23
"217",217,2723.5,4,46,44,1,0,6,36
"218",218,2599,13,41,33,2,0,6,26
"219",219,3629,27,45,41,2,0,5,32
"220",220,4147.7,43,56,39,4,1,9,27
"221",221,2951.2,5,87,38,4,1,12,24
"222",222,4822.2,31,86,44,4,1,12,28
"223",223,4105.2,31,68,32,4,1,11,18
"224",224,4247,29,68,43,4,0,12,28
"225",225,5239.2,42,85,34,2,1,13,18
"226",226,3877.2,28,76,49,1,1,13,35
"227",227,3933,29,73,35,3,0,11,23
"228",228,3277,17,89,35,2,0,9,24
"229",229,4003.5,31,53,30,2,0,6,21
"230",230,5774.5,50,92,49,3,0,10,36
"231",231,4637.5,45,33,42,2,0,3,35
"232",232,3938.2,25,82,40,1,1,11,27
"233",233,4489.5,42,82,32,3,0,10,18
"234",234,2911.7,29,28,41,2,1,4,33
"235",235,3476.7,19,53,43,3,1,5,34
"236",236,3788.2,26,61,40,3,1,9,29
"237",237,2839,32,20,35,2,0,2,28
"238",238,3729.2,20,93,46,4,1,9,32
"239",239,5217.5,44,82,42,1,0,14,24
"240",240,3278.5,22,58,38,1,0,6,28
"241",241,4516,43,41,47,4,0,6,40
"242",242,3861.5,35,53,34,2,0,8,25
"243",243,2020,4,27,41,2,0,4,32
"244",244,3380,6,85,38,3,0,11,23
"245",245,4031,37,73,46,1,0,8,37
"246",246,3937,18,78,49,3,0,12,33
"247",247,2712.2,10,33,46,3,1,4,39
"248",248,3009.2,22,46,41,4,1,5,32
"249",249,2613,10,20,40,3,0,2,37
"250",250,2625.2,12,35,33,3,1,5,25
"251",251,3627,30,79,34,3,0,13,19
"252",252,3755.5,15,92,47,3,0,12,32
"253",253,3873.5,50,27,37,2,0,3,31
"254",254,4658.7,42,53,40,1,1,7,32
"255",255,4086,44,27,33,1,0,3,29
"256",256,3077.2,9,66,35,4,1,7,26
"257",257,3207.5,18,51,32,3,0,7,22
"258",258,4366.2,31,91,45,1,1,13,27
"259",259,2225.7,15,28,49,3,1,4,44
"260",260,2253.2,9,59,41,3,1,6,33
"261",261,4014.7,31,75,37,4,1,11,21
"262",262,3632.5,33,21,44,3,0,3,40
"263",263,4217.5,44,58,37,3,0,8,26
"264",264,5944.2,49,99,40,4,1,16,20
"265",265,3563.5,18,80,44,2,0,8,35
"266",266,4567.7,48,70,44,3,1,11,28
"267",267,3769.2,31,45,48,2,1,6,40
"268",268,3328.2,9,64,48,3,1,10,35
"269",269,3158,23,45,49,4,0,5,40
"270",270,3832.2,36,31,32,4,1,4,26
"271",271,2285.7,8,20,44,4,1,2,39
"272",272,4464,36,81,31,3,0,13,17
"273",273,5626.5,52,84,44,4,0,14,25
"274",274,2127.2,7,52,48,2,1,6,38
"275",275,3642.2,11,98,34,3,1,11,19
"276",276,2234.7,5,21,44,3,1,2,38
"277",277,3256.7,25,67,47,4,1,8,35
"278",278,2721.5,8,36,34,3,0,4,28
"279",279,2826.7,19,39,31,3,1,4,24
"280",280,3039.5,3,92,47,2,0,12,33
"281",281,3138,34,22,35,4,0,2,32
"282",282,3109.7,20,46,31,1,1,6,24
"283",283,2107,4,47,41,2,0,7,30
"284",284,3974.5,33,85,40,2,0,9,29
"285",285,3623.7,17,70,43,2,1,12,29
"286",286,3579.5,28,43,37,4,0,7,25
"287",287,4249.7,36,98,36,2,1,12,19
"288",288,2368.5,3,74,37,3,0,8,28
"289",289,4135.5,40,34,36,1,0,5,26
"290",290,3081.5,24,43,36,2,0,5,27
"291",291,3114.7,12,80,44,4,1,12,31
"292",292,3210.7,20,34,49,3,1,5,42
"293",293,2528.2,3,67,36,2,1,7,24
"294",294,4473.2,44,86,48,1,1,10,37
"295",295,2790.5,13,71,40,1,0,11,26
"296",296,3237.5,28,48,36,1,0,7,28
"297",297,4377.5,38,83,36,2,0,8,23
"298",298,3799.2,38,69,33,1,1,7,21
"299",299,4466.7,40,40,39,1,1,4,30
"300",300,3452.5,12,96,41,2,0,12,25
"301",301,4783.2,46,49,38,4,1,5,30
"302",302,2553.7,7,33,36,3,1,5,30
"303",303,2034,7,43,38,2,0,4,30
"304",304,3164,31,29,40,2,0,3,36
"305",305,3663.5,39,28,48,1,0,3,42
"306",306,3221.7,21,61,39,3,1,8,30
"307",307,3506.7,20,48,48,3,1,5,42
"308",308,3445.7,18,54,46,3,1,9,36
"309",309,4865.5,41,79,39,3,0,10,26
"310",310,3808.7,26,89,36,1,1,9,22
"311",311,3669.2,40,43,46,1,1,5,37
"312",312,2143.2,4,39,31,1,1,4,25
"313",313,5226.5,49,58,39,3,0,7,28
"314",314,2121.2,14,23,31,1,1,3,27
"315",315,2858.5,6,72,30,1,0,9,20
"316",316,4992.5,33,98,37,1,0,17,18
"317",317,2782.5,29,22,44,3,0,2,40
"318",318,5349.7,49,89,32,3,1,12,18
"319",319,3696,26,89,45,2,0,10,32
"320",320,4288.2,39,41,42,1,1,6,33
"321",321,2464.7,22,26,35,4,1,3,31
"322",322,5165.2,48,90,37,2,1,10,22
"323",323,2895.2,28,37,45,3,1,3,41
"324",324,2323,10,33,39,2,0,5,32
"325",325,3509,30,56,44,4,0,6,36
"326",326,3101,34,22,33,4,0,2,28
"327",327,4282,43,44,43,4,0,5,36
"328",328,5594.7,44,88,49,2,1,15,33
"329",329,2069,8,40,36,4,0,6,28
"330",330,3648.2,22,59,42,1,1,6,35
"331",331,3913.2,45,20,31,2,1,2,28
"332",332,3896.5,38,37,35,3,0,4,30
"333",333,2297.2,11,24,48,4,1,3,40
"334",334,3672.5,44,29,47,2,0,4,39
"335",335,2578.7,6,36,37,3,1,3,32
"336",336,2818.7,12,30,45,2,1,4,37
"337",337,2690,15,32,41,2,0,3,34
"338",338,4699.2,40,94,48,2,1,12,32
"339",339,3477.5,14,85,30,1,0,9,20
"340",340,5209.5,51,74,45,3,0,12,32
"341",341,2157,3,52,44,3,0,8,35
"342",342,2933.5,11,43,32,4,0,5,23
"343",343,2231.5,3,23,32,1,0,3,28
"344",344,3744.2,25,49,42,2,1,8,32
"345",345,2748.7,12,71,42,3,1,10,28
"346",346,2019,8,27,32,1,0,4,27
"347",347,2777.5,6,75,36,1,0,10,22
"348",348,3788.2,31,32,46,3,1,4,39
"349",349,2220,10,27,30,4,0,3,22
"350",350,4178.5,40,26,39,3,0,3,32
"351",351,2899.2,13,43,39,4,1,6,32
"352",352,2058.5,17,23,33,3,0,3,26
"353",353,2796.2,27,21,34,2,1,3,28
"354",354,3052,17,62,44,1,0,6,37
"355",355,4808,28,97,45,1,0,16,25
"356",356,5096.2,39,96,44,2,1,11,30
"357",357,5090.5,49,77,34,2,0,12,21
"358",358,2963.5,24,32,48,3,0,3,40
"359",359,4942.7,46,91,47,4,1,11,33
"360",360,4899,47,83,33,1,0,10,21
"361",361,2551,5,42,38,4,0,5,30
"362",362,4330.7,36,91,31,2,1,13,13
"363",363,4174,47,30,41,3,0,3,33
"364",364,3368.7,20,44,42,1,1,5,36
"365",365,4206.7,37,41,35,4,1,5,25
"366",366,3320.2,23,69,30,4,1,11,14
"367",367,2218.7,7,27,46,3,1,3,38
"368",368,4336.2,49,36,40,1,1,4,33
"369",369,1706.2,2,48,33,1,1,6,25
"370",370,3648.2,27,59,43,2,1,7,32
"371",371,3894.7,41,24,49,3,1,2,46
"372",372,3527,31,45,44,1,0,5,37
"373",373,3424.7,21,84,42,2,1,10,31
"374",374,3697.7,21,71,47,4,1,9,37
"375",375,4587.2,26,97,48,1,1,11,35
"376",376,3675.2,41,30,47,3,1,3,43
"377",377,4754,48,84,35,4,0,11,22
"378",378,3491.7,15,80,41,1,1,13,26
"379",379,2144,4,66,49,2,0,7,40
"380",380,3679.2,38,22,49,3,1,2,45
"381",381,2590,7,90,38,1,0,10,27
"382",382,5122.2,49,50,47,2,1,7,38
"383",383,3612.5,26,32,44,4,0,3,37
"384",384,5117.5,45,86,34,4,0,9,23
"385",385,3165.2,10,84,42,2,1,9,32
"386",386,3615.7,24,77,31,2,1,13,15
"387",387,3305.7,35,23,42,2,1,3,35
"388",388,2084.2,4,60,33,1,1,8,21
"389",389,3320,23,44,41,3,0,5,35
"390",390,2861.7,24,24,49,2,1,2,45
"391",391,4627,36,88,39,4,0,11,26
"392",392,4078.2,32,45,33,2,1,6,24
"393",393,3471.5,33,68,31,4,0,9,17
"394",394,2480.5,12,55,39,2,0,6,31
"395",395,4198.2,46,33,42,1,1,3,35
"396",396,2837,21,36,36,3,0,4,29
"397",397,4669,48,90,31,3,0,10,19
"398",398,3117.2,24,51,30,2,1,6,22
"399",399,2323.5,15,32,45,3,0,4,38
"400",400,4197.2,30,84,38,4,1,9,26
"401",401,5009.5,46,62,38,1,0,7,30
"402",402,4585.5,30,90,39,4,0,9,27
"403",403,3954.7,35,87,36,4,1,10,23
"404",404,3114.2,19,67,34,3,1,7,25
"405",405,4889.5,40,61,44,3,0,10,32
"406",406,3965.5,23,70,46,1,0,11,34
"407",407,4244.7,32,65,36,1,1,8,26
"408",408,2612.5,15,65,30,3,0,6,22
"409",409,3626.5,42,42,35,2,0,6,25
"410",410,3632.5,16,97,38,1,0,13,20
"411",411,4004,25,92,45,3,0,13,29
"412",412,3078.2,27,49,42,4,1,5,34
"413",413,2585.2,14,66,33,2,1,7,24
"414",414,3889,28,89,34,3,0,13,17
"415",415,2989,31,27,35,4,0,4,26
"416",416,2990.7,4,74,46,3,1,13,28
"417",417,3889.7,31,82,46,1,1,9,32
"418",418,3105.2,9,86,44,3,1,12,31
"419",419,4448.7,33,82,46,1,1,13,30
"420",420,2760.2,15,52,46,2,1,9,34
"421",421,3722.7,29,49,43,2,1,7,33
"422",422,4707.5,36,84,40,3,0,8,30
"423",423,4394,48,29,31,2,0,4,24
"424",424,4692.5,48,93,41,1,0,10,26
"425",425,3957.7,32,33,46,2,1,3,41
"426",426,5653.2,44,92,46,1,1,16,25
"427",427,4933.2,48,55,42,4,1,8,30
"428",428,2694.2,12,80,32,2,1,9,18
"429",429,3457.5,41,21,37,4,0,2,33
"430",430,2106.2,4,48,42,4,1,5,32
"431",431,4591.2,33,76,36,1,1,12,21
"432",432,3869.7,32,36,38,1,1,5,30
"433",433,4601.2,42,84,31,1,1,10,19
"434",434,2774,2,64,46,4,0,9,36
"435",435,2279,1,28,42,1,0,4,33
"436",436,2152.5,12,24,43,3,0,3,38
"437",437,3200.2,7,96,40,2,1,11,28
"438",438,3979,24,72,30,3,0,10,17
"439",439,3875.7,27,94,34,3,1,13,16
"440",440,4457,28,98,31,1,0,14,15
"441",441,2675.5,11,41,42,1,0,6,34
"442",442,2649.2,21,30,45,4,1,4,40
"443",443,4635,48,65,44,2,0,10,30
"444",444,3666.2,35,51,44,3,1,6,37
"445",445,5011.7,39,89,42,3,1,13,28
"446",446,3108.7,19,63,34,2,1,11,19
"447",447,3906.7,30,35,42,2,1,6,33
"448",448,4375.7,42,37,46,2,1,6,35
"449",449,3408.2,19,46,49,1,1,7,39
"450",450,4355.5,44,20,47,1,0,2,44
"451",451,4282,40,38,44,3,0,6,35
"452",452,2529,6,95,35,2,0,10,24
"453",453,3740.5,28,98,33,3,0,12,16
"454",454,4693,37,73,30,3,0,10,19
"455",455,3436.5,22,96,48,2,0,9,37
"456",456,4912.7,50,56,45,3,1,6,36
"457",457,1753,3,49,38,1,0,5,31
"458",458,4240.7,31,95,44,4,1,16,25
"459",459,2553.5,2,33,46,2,0,5,37
"460",460,4069.7,27,56,45,3,1,6,34
"461",461,3615.7,31,68,35,1,1,10,24
"462",462,4996.2,50,66,41,3,1,9,31
"463",463,2278.7,5,28,38,3,1,4,32
"464",464,2512,16,34,39,1,0,5,29
"465",465,3212.2,24,21,31,3,1,3,27
"466",466,4011.7,41,24,46,4,1,4,37
"467",467,3418,42,21,32,1,0,2,29
"468",468,3115.2,7,96,38,4,1,15,18
"469",469,4801.7,47,52,34,2,1,7,23
"470",470,2613.7,22,25,30,2,1,4,23
"471",471,2768,31,20,35,4,0,2,28
"472",472,2760.2,26,26,46,4,1,2,40
"473",473,4430.5,43,54,43,1,0,6,32
"474",474,3077,28,30,41,2,0,4,32
"475",475,4122,50,47,31,1,0,7,21
"476",476,2402.7,13,64,30,2,1,9,19
"477",477,4102,42,62,43,4,0,8,30
"478",478,5087.2,48,52,37,2,1,8,28
"479",479,3541.2,30,47,41,3,1,7,33
"480",480,2366.7,1,41,40,3,1,5,34
"481",481,3862.7,35,50,31,1,1,8,18
"482",482,3029.5,5,69,33,4,0,9,23
"483",483,5406,50,94,32,3,0,10,21
"484",484,3629.2,8,87,49,1,1,13,35
"485",485,4245.7,33,97,43,3,1,10,28
"486",486,2760.2,4,71,36,3,1,12,23
"487",487,3721.5,38,44,41,4,0,4,35
"488",488,1985.7,7,38,39,2,1,5,33
"489",489,2499,5,34,36,4,0,6,26
"490",490,2240.7,13,46,34,3,1,6,24
"491",491,5604.5,49,90,37,1,0,10,26
"492",492,2863,14,71,30,2,0,11,16
"493",493,5656.5,47,90,47,3,0,11,34
"494",494,4185.2,47,31,40,2,1,5,32
"495",495,4111.5,32,48,37,3,0,7,26
"496",496,3345.2,13,98,30,3,1,14,15
"497",497,3477,29,22,33,4,0,2,26
"498",498,2954.5,13,89,42,2,0,9,31
"499",499,3410.5,20,39,35,2,0,5,27
"500",500,3302.5,35,21,36,2,0,3,29
"501",501,4345,32,63,44,1,0,8,33
"502",502,4125.2,36,41,40,3,1,6,31
"503",503,5089.7,49,83,31,3,1,10,18
"504",504,2770.2,22,47,38,1,1,5,29
"505",505,2342.7,8,55,48,3,1,7,36
"506",506,3679.2,27,56,30,4,1,6,22
"507",507,2829.7,11,31,37,4,1,3,33
"508",508,2580.2,21,38,30,2,1,6,22
"509",509,4651.7,50,75,36,3,1,12,20
"510",510,2766.7,10,59,37,1,1,6,26
"511",511,2103.5,3,43,48,1,0,6,38
"512",512,3363,33,31,49,2,0,3,42
"513",513,4374.5,39,49,41,3,0,6,32
"514",514,2818.7,21,43,33,2,1,7,21
"515",515,3930.7,24,77,39,3,1,12,24
"516",516,4177.2,47,22,41,1,1,3,35
"517",517,5704.2,51,79,49,4,1,14,34
"518",518,2280,15,20,45,1,0,3,39
"519",519,2863,30,27,47,4,0,3,40
"520",520,3404,22,62,42,4,0,9,30
"521",521,2763.5,14,25,42,2,0,4,37
"522",522,4774.7,46,56,43,1,1,9,30
"523",523,3013.5,21,66,37,3,0,8,24
"524",524,2298.5,11,21,36,1,0,2,32
"525",525,3663.5,18,65,38,3,0,9,26
"526",526,3561.7,27,82,30,3,1,9,18
"527",527,3057.5,23,55,35,2,0,6,27
"528",528,3817,32,48,35,1,0,6,25
"529",529,2332,10,54,30,3,0,7,19
"530",530,3712.2,21,94,45,4,1,11,30
"531",531,4052.2,33,74,49,4,1,10,38
"532",532,4692,35,69,46,1,0,10,31
"533",533,3008,27,36,30,3,0,4,25
"534",534,3057,18,73,40,4,0,12,26
"535",535,2937.5,15,50,42,3,0,7,30
"536",536,4341,30,89,32,2,0,12,16
"537",537,3040,19,53,48,2,0,5,38
"538",538,2710.7,21,23,38,3,1,3,34
"539",539,4207.2,25,96,43,1,1,15,23
"540",540,4015.7,27,91,45,2,1,9,31
"541",541,3852.5,30,69,33,2,0,11,21
"542",542,2856.5,18,51,34,1,0,5,28
"543",543,2590,18,31,30,4,0,4,24
"544",544,3646.5,23,82,45,4,0,8,35
"545",545,4143.7,30,68,30,2,1,7,19
"546",546,2851,4,99,36,3,0,17,15
"547",547,4452,43,80,30,2,0,9,16
"548",548,3439,28,72,36,4,0,8,24
"549",549,5147.7,44,85,37,1,1,14,18
"550",550,3371.5,27,20,47,2,0,2,43
"551",551,4842,34,87,42,1,0,9,31
"552",552,4266.7,45,81,33,1,1,9,20
"553",553,3555.2,25,73,32,2,1,12,18
"554",554,2990.5,15,45,33,1,0,4,26
"555",555,3613,34,43,31,2,0,5,24
"556",556,4623.7,28,93,45,2,1,10,31
"557",557,4319.5,19,89,44,2,0,15,25
"558",558,4704.2,46,65,41,3,1,7,29
"559",559,3460.5,21,81,40,1,0,9,28
"560",560,3290,10,79,36,3,0,11,21
"561",561,3397.5,15,96,32,3,0,11,20
"562",562,2678.5,24,34,47,2,0,3,39
"563",563,2404.5,6,24,38,4,0,4,33
"564",564,4724,40,88,45,1,0,14,29
"565",565,2690.2,27,33,30,1,1,4,21
"566",566,4020,24,72,33,2,0,12,18
"567",567,2448,18,25,49,3,0,2,45
"568",568,5496.2,51,97,31,2,1,10,16
"569",569,2744.2,13,60,46,4,1,10,32
"570",570,3040.7,18,51,36,1,1,8,24
"571",571,4252.5,36,41,48,2,0,4,41
"572",572,2468.5,14,46,47,2,0,6,39
"573",573,2212.7,1,46,37,3,1,6,26
"574",574,3425.5,32,42,31,4,0,5,25
"575",575,3546,19,54,38,4,0,6,30
"576",576,3796.5,32,22,37,4,0,3,31
"577",577,3064.7,4,84,31,2,1,12,17
"578",578,5101.5,40,88,37,4,0,11,25
"579",579,2620.7,10,53,39,2,1,7,29
"580",580,1816,7,24,44,2,0,3,40
"581",581,2459.5,13,46,46,3,0,5,40
"582",582,2790.7,6,54,35,1,1,9,24
"583",583,3672.5,25,82,38,4,0,8,27
"584",584,2746.2,20,32,35,2,1,5,26
"585",585,2617,17,30,42,3,0,5,33
"586",586,2658.2,11,39,49,3,1,5,39
"587",587,4094,20,98,30,3,0,10,17
"588",588,3676.2,10,97,30,2,1,16,10
"589",589,4147.7,46,55,33,2,1,8,23
"590",590,4105.7,34,39,37,1,1,4,32
"591",591,2063,12,45,31,3,0,4,25
"592",592,3384.7,27,34,43,4,1,3,39
"593",593,2993.5,6,53,36,2,0,8,23
"594",594,4644,45,66,36,3,0,10,23
"595",595,2547.2,4,93,40,1,1,11,27
"596",596,5028.2,35,87,42,1,1,14,27
"597",597,2804,3,64,32,1,0,7,21
"598",598,4317.2,38,42,35,1,1,6,27
"599",599,2904,11,69,36,4,0,9,22
"600",600,2704.5,12,43,34,2,0,7,25
"601",601,2024.5,11,36,39,3,0,5,32
"602",602,5338.5,50,97,40,1,0,10,28
"603",603,2698.7,23,32,46,1,1,3,40
"604",604,3041.2,23,21,35,1,1,2,31
"605",605,3659.2,13,82,46,3,1,12,33
"606",606,3187.7,9,78,37,4,1,8,25
"607",607,3212.7,24,27,49,4,1,3,45
"608",608,5350,46,77,47,3,0,9,35
"609",609,1701,4,36,44,1,0,5,37
"610",610,3498.5,22,60,36,4,0,6,27
"611",611,3570.2,26,62,46,4,1,7,36
"612",612,3807.2,29,50,49,4,1,7,40
"613",613,3512.5,16,74,35,3,0,13,20
"614",614,2824.5,21,39,47,3,0,4,40
"615",615,3648.7,41,39,36,4,1,5,29
"616",616,3417,29,69,33,1,0,7,23
"617",617,3432,8,97,37,4,0,15,18
"618",618,2656,21,30,32,1,0,5,23
"619",619,4222.2,31,68,33,1,1,9,21
"620",620,4236.5,31,82,41,2,0,14,25
"621",621,3048.7,11,45,36,1,1,7,24
"622",622,3612.2,26,32,44,2,1,4,38
"623",623,3637.5,28,29,36,1,0,4,30
"624",624,4760.2,39,59,41,3,1,9,31
"625",625,3956.2,29,55,44,2,1,8,34
"626",626,3499.2,30,38,30,3,1,5,21
"627",627,1889.7,1,45,49,2,1,5,43
"628",628,4892.5,43,54,41,3,0,7,30
"629",629,2558.7,1,47,32,2,1,6,23
"630",630,4358.2,38,70,45,1,1,8,33
"631",631,2588.5,2,49,40,4,0,8,31
"632",632,3497,6,88,36,4,0,15,16
"633",633,2877,6,69,39,2,0,9,26
"634",634,3990.7,30,65,43,3,1,10,32
"635",635,2715,12,38,34,1,0,6,27
"636",636,2097.7,10,48,32,2,1,6,25
"637",637,3402.2,31,58,34,3,1,10,23
"638",638,3881.7,36,44,30,2,1,7,19
"639",639,2182.5,10,40,40,2,0,4,35
"640",640,2572.5,9,40,45,1,0,4,36
"641",641,2839.7,12,88,47,2,1,9,37
"642",642,2947,6,61,33,2,0,6,24
"643",643,3366.7,16,76,49,2,1,8,39
"644",644,3600,3,95,45,4,0,14,30
"645",645,4100.2,25,69,49,4,1,11,36
"646",646,3749.5,31,31,37,3,0,4,32
"647",647,3534.5,42,31,33,3,0,4,24
"648",648,3294.2,11,72,47,2,1,8,36
"649",649,2999.5,21,28,34,2,0,4,25
"650",650,3189.7,20,68,44,3,1,11,28
"651",651,2718,4,41,41,4,0,5,34
"652",652,4414.5,43,24,43,1,0,4,38
"653",653,4222.2,29,62,39,1,1,10,25
"654",654,3552,24,74,32,1,0,10,19
"655",655,2094,14,27,38,2,0,3,34
"656",656,4592.5,45,33,38,1,0,5,32
"657",657,3289.7,21,47,38,4,1,8,29
"658",658,3452.2,11,93,48,1,1,12,33
"659",659,3141.2,27,40,47,2,1,5,40
"660",660,4566.5,42,94,34,2,0,9,23
"661",661,4509.7,40,85,48,4,1,10,33
"662",662,4940.5,36,78,45,2,0,12,31
"663",663,4181.5,27,81,46,3,0,9,32
"664",664,3964.7,7,98,48,2,1,16,27
"665",665,2210,9,56,31,2,0,6,24
"666",666,3116.5,23,52,39,2,0,9,25
"667",667,2516.2,7,68,34,2,1,7,22
"668",668,3363.7,20,69,42,3,1,9,32
"669",669,5242.7,49,82,33,4,1,9,21
"670",670,1942.5,2,50,30,3,0,5,20
"671",671,2669.7,14,20,31,2,1,2,25
"672",672,3646.2,46,30,47,4,1,3,42
"673",673,3963.5,34,65,45,1,0,7,34
"674",674,4405.7,38,40,48,2,1,4,41
"675",675,4414.2,48,68,37,1,1,7,29
"676",676,2468.2,4,35,48,3,1,5,41
"677",677,1780,5,27,37,4,0,4,28
"678",678,3469.5,22,93,31,2,0,9,17
"679",679,4044,31,46,33,4,0,7,22
"680",680,4819.2,52,80,43,1,1,10,31
"681",681,4764.7,50,54,30,2,1,8,19
"682",682,2345.7,13,24,34,2,1,2,31
"683",683,2771.2,8,91,39,1,1,9,29
"684",684,2739,14,29,44,4,0,4,38
"685",685,2990,18,26,49,3,0,3,41
"686",686,2329.2,19,24,36,2,1,3,28
"687",687,3122.7,8,81,49,1,1,8,36
"688",688,1636.5,1,25,43,2,0,3,37
"689",689,3562.2,42,37,34,1,1,4,27
"690",690,3089.2,7,96,42,4,1,16,22
"691",691,2857.7,11,47,40,3,1,5,34
"692",692,4223.5,38,41,47,2,0,6,39
"693",693,3824,22,72,47,3,0,11,31
"694",694,2688,25,32,32,4,0,5,22
"695",695,4223,39,71,42,4,0,11,30
"696",696,4797.2,33,96,39,3,1,15,23
"697",697,3406.2,30,67,45,1,1,7,37
"698",698,1609.7,1,27,48,1,1,3,42
"699",699,2438.5,13,22,47,4,0,3,41
"700",700,3755.2,45,27,46,3,1,4,37
"701",701,3066,12,83,40,3,0,14,25
"702",702,2658.2,18,35,30,1,1,4,25
"703",703,2030.2,1,32,36,3,1,5,27
"704",704,2752.7,7,68,37,3,1,7,28
"705",705,2991.2,22,38,49,4,1,4,40
"706",706,3920.7,44,30,38,1,1,4,32
"707",707,3471.7,19,65,41,1,1,10,30
"708",708,3285.5,30,48,49,2,0,4,43
"709",709,3349.2,15,66,32,3,1,10,21
"710",710,3722.2,36,37,32,3,1,4,25
"711",711,3781.7,34,61,35,1,1,9,22
"712",712,4284,32,76,46,4,0,10,32
"713",713,2719.2,21,42,35,4,1,6,28
"714",714,4667.5,42,88,42,2,0,14,23
"715",715,4177,29,92,32,2,0,16,14
"716",716,4693.2,48,24,42,3,1,3,35
"717",717,4055.5,26,89,40,1,0,13,22
"718",718,2117,7,31,32,4,0,3,24
"719",719,2927.7,8,88,40,1,1,11,26
"720",720,4910.2,46,72,47,1,1,11,35
"721",721,2912,13,70,38,1,0,8,29
"722",722,3941,37,23,45,3,0,2,39
"723",723,4424.2,45,91,32,4,1,10,20
"724",724,3946.5,39,22,33,2,0,3,29
"725",725,4924.7,47,93,37,1,1,13,22
"726",726,3730,35,49,33,3,0,7,23
"727",727,3755.5,46,28,30,3,0,3,26
"728",728,3659.7,30,27,35,2,1,4,27
"729",729,4224.7,14,99,49,4,1,14,31
"730",730,2906.5,32,24,46,2,0,2,39
"731",731,3932.7,38,20,35,4,1,2,29
"732",732,2870,12,78,41,1,0,7,33
"733",733,4874.2,46,90,37,1,1,12,21
"734",734,3135.5,12,62,40,3,0,7,30
"735",735,3531,29,26,33,4,0,4,26
"736",736,3250.5,8,66,44,2,0,7,35
"737",737,4308,34,96,48,2,0,11,32
"738",738,4257,29,62,44,3,0,11,29
"739",739,5429.2,48,73,47,2,1,12,32
"740",740,3346.5,23,58,46,4,0,9,35
"741",741,4032.7,36,27,42,3,1,3,34
"742",742,2566,6,39,32,4,0,3,24
"743",743,2734.2,13,70,31,3,1,9,17
"744",744,3619.5,44,29,34,3,0,3,30
"745",745,2495.2,5,46,45,1,1,6,37
"746",746,2885.7,21,49,30,1,1,7,20
"747",747,4940.2,45,69,40,3,1,10,29
"748",748,4419.5,43,65,33,1,0,10,20
"749",749,4554,40,39,47,2,0,6,36
"750",750,2848.2,23,25,31,1,1,4,23
"751",751,4419.7,39,58,32,4,1,5,25
"752",752,4055.2,37,67,38,3,1,10,23
"753",753,5178.2,40,91,39,1,1,14,21
"754",754,4357,44,61,38,2,0,8,26
"755",755,4215.5,41,44,37,3,0,6,28
"756",756,3784.5,22,78,39,3,0,13,24
"757",757,3509.7,39,20,34,1,1,3,28
"758",758,5241,51,97,30,4,0,9,20
"759",759,4472.7,41,70,34,2,1,9,21
"760",760,2825,16,57,41,4,0,6,32
"761",761,3615.2,35,24,48,3,1,3,43
"762",762,3891.7,40,21,46,3,1,3,38
"763",763,3110.2,7,63,34,2,1,9,22
"764",764,3227.5,19,79,36,3,0,11,22
"765",765,3943.7,45,44,42,2,1,5,33
"766",766,3708,29,32,35,4,0,4,28
"767",767,3666.5,25,43,43,1,0,4,36
"768",768,3887.5,42,22,49,1,0,2,42
"769",769,2712.2,15,33,37,3,1,4,31
"770",770,1732.5,3,40,40,2,0,6,31
"771",771,4757.5,37,81,47,4,0,13,29
"772",772,4146.7,26,92,47,2,1,12,33
"773",773,2826,19,25,41,2,0,2,38
"774",774,3519,24,40,33,3,0,4,27
"775",775,3893.5,21,73,44,1,0,12,28
"776",776,4725.7,40,51,47,4,1,8,35
"777",777,2685,5,58,40,4,0,8,28
"778",778,3414.5,8,99,46,1,0,13,30
"779",779,3609.5,26,48,38,1,0,7,30
"780",780,3476.7,5,91,40,3,1,14,22
"781",781,4423.2,37,94,33,4,1,14,14
"782",782,3395.2,38,25,42,1,1,3,37
"783",783,3910.5,43,46,41,2,0,5,35
"784",784,2303.5,15,48,33,3,0,5,26
"785",785,4298.7,50,35,37,3,1,6,30
"786",786,3785.7,28,72,49,2,1,10,35
"787",787,3060,8,63,36,3,0,8,27
"788",788,3514.2,7,80,47,3,1,11,31
"789",789,2964.5,4,66,39,2,0,9,27
"790",790,2964.5,4,82,33,4,0,13,15
"791",791,2759.7,17,28,40,1,1,4,32
"792",792,5499.7,46,92,42,2,1,12,25
"793",793,3091.2,21,39,45,1,1,5,35
"794",794,2474.2,10,23,47,3,1,3,43
"795",795,2631,16,32,34,1,0,4,29
"796",796,2421,2,64,31,2,0,7,22
"797",797,3629.2,18,83,39,1,1,11,25
"798",798,3585,12,95,42,1,0,11,29
"799",799,2782.7,5,60,31,2,1,9,17
"800",800,2874,12,59,49,2,0,9,36
"801",801,3099.2,6,64,48,3,1,9,35
"802",802,3649.7,27,97,33,3,1,12,20
"803",803,3297.7,18,87,36,1,1,14,20
"804",804,4282.7,37,89,36,1,1,12,22
"805",805,5049.2,50,81,45,4,1,14,26
"806",806,4075.7,16,99,31,3,1,17,10
"807",807,3797.5,26,55,46,1,0,9,32
"808",808,4826,34,88,31,3,0,15,11
"809",809,4292.7,44,55,35,4,1,7,27
"810",810,3456.7,21,77,40,4,1,11,25
"811",811,4706.7,51,73,38,4,1,9,25
"812",812,3961.5,22,92,40,2,0,11,25
"813",813,2463.2,9,54,46,2,1,5,36
"814",814,2669.7,5,83,34,1,1,13,20
"815",815,4239,41,77,41,1,0,10,29
"816",816,4156.2,39,28,41,3,1,3,37
"817",817,3453,38,35,31,2,0,4,26
"818",818,2619.2,8,33,48,4,1,5,38
"819",819,3782.7,34,43,40,2,1,7,29
"820",820,3902.2,35,26,36,1,1,3,29
"821",821,4265.2,42,49,37,3,1,5,31
"822",822,3133,6,64,45,1,0,9,35
"823",823,4212.2,40,68,37,2,1,10,26
"824",824,3788.7,30,65,46,3,1,6,36
"825",825,3670.2,41,40,44,3,1,4,37
"826",826,4430,25,98,36,3,0,14,19
"827",827,5315.7,50,75,42,1,1,11,30
"828",828,3569,34,34,46,2,0,3,38
"829",829,4121.5,45,39,33,4,0,5,25
"830",830,4016.7,42,54,47,3,1,7,38
"831",831,3798,26,73,35,4,0,9,24
"832",832,3934.7,21,91,33,2,1,11,19
"833",833,1819,3,33,39,3,0,3,31
"834",834,4630.5,39,52,45,2,0,9,31
"835",835,2638,5,55,36,4,0,9,22
"836",836,1653,2,35,42,2,0,5,34
"837",837,2087.5,6,52,38,1,0,8,28
"838",838,2843.2,25,26,49,4,1,2,44
"839",839,3137.2,29,41,40,2,1,6,32
"840",840,3453.7,9,94,43,4,1,10,29
"841",841,4695.7,34,90,49,1,1,14,32
"842",842,4812.5,46,73,32,2,0,10,17
"843",843,4984,47,78,31,1,0,13,17
"844",844,2956.5,21,52,48,3,0,7,40
"845",845,3289,23,26,36,3,0,3,29
"846",846,4950.2,44,85,36,3,1,13,19
"847",847,1963,8,20,46,4,0,2,42
"848",848,3737.2,22,93,44,1,1,15,27
"849",849,3993,24,77,39,1,0,12,23
"850",850,3184,27,70,30,1,0,10,15
"851",851,2594,20,47,33,4,0,5,24
"852",852,4619.5,47,43,44,3,0,5,38
"853",853,2611.7,9,50,44,2,1,6,35
"854",854,1966.7,3,61,41,1,1,6,32
"855",855,2034.7,8,24,41,4,1,3,33
"856",856,3723,33,81,30,3,0,8,19
"857",857,4847.7,39,99,31,1,1,11,16
"858",858,4039.2,47,47,32,2,1,4,24
"859",859,5657.5,48,98,46,3,0,11,34
"860",860,2808.2,11,81,42,4,1,9,30
"861",861,4214.2,48,29,48,1,1,4,39
"862",862,3298,35,41,30,1,0,4,25
"863",863,3748.5,23,55,49,3,0,5,42
"864",864,3455,19,76,30,1,0,11,17
"865",865,4695,41,76,43,3,0,10,29
"866",866,2888.5,20,45,36,1,0,7,24
"867",867,4447.7,49,61,34,3,1,10,22
"868",868,5406.7,50,74,34,4,1,9,23
"869",869,5165,47,72,37,3,0,11,21
"870",870,2159.7,8,41,35,2,1,4,29
"871",871,2568.7,8,74,36,4,1,10,25
"872",872,2422.7,1,40,33,1,1,6,22
"873",873,5218.7,46,77,49,1,1,11,36
"874",874,4464.5,43,41,31,2,0,6,21
"875",875,4410,39,80,36,4,0,13,22
"876",876,4106.2,37,48,45,3,1,8,35
"877",877,2696.5,9,94,31,1,0,12,14
"878",878,4083.2,28,86,38,1,1,11,23
"879",879,4773.5,49,29,40,1,0,4,32
"880",880,3401.5,27,32,43,4,0,3,35
"881",881,3995.2,30,62,47,1,1,10,33
"882",882,4419.5,46,33,43,3,0,5,34
"883",883,3850.2,37,39,44,1,1,5,37
"884",884,4098.7,44,22,42,3,1,2,36
"885",885,2715.7,12,29,42,3,1,3,38
"886",886,5221.2,45,67,48,2,1,9,36
"887",887,2782.2,21,50,38,2,1,6,30
"888",888,2969.5,9,71,30,2,0,8,21
"889",889,2691,19,45,32,4,0,5,26
"890",890,4848.7,48,84,31,1,1,15,14
"891",891,4848.7,41,80,43,2,1,13,27
"892",892,4928.5,36,90,39,4,0,12,23
"893",893,3449.5,12,95,32,2,0,16,13
"894",894,2914.7,18,55,41,3,1,6,34
"895",895,3649,21,93,31,3,0,9,17
"896",896,2689.7,16,68,38,3,1,7,26
"897",897,3981,27,93,37,4,0,13,22
"898",898,2844.5,13,60,48,1,0,9,36
"899",899,3205.2,19,79,41,1,1,12,25
"900",900,2392.7,5,57,48,3,1,9,34
"901",901,3786,24,77,47,2,0,13,32
"902",902,3914,45,22,42,2,0,3,38
"903",903,4416.5,41,86,48,3,0,9,34
"904",904,3828,46,26,41,4,0,4,34
"905",905,3883,33,67,43,2,0,8,32
"906",906,2400.5,7,50,32,3,0,5,22
"907",907,4978,50,79,38,2,0,13,22
"908",908,4818.2,40,94,32,4,1,15,16
"909",909,5294.5,49,79,44,3,0,9,34
"910",910,2774.7,28,22,47,4,1,3,43
"911",911,4012,42,28,48,3,0,3,41
"912",912,3822,36,50,49,2,0,8,38
"913",913,3978.5,43,58,41,3,0,7,32
"914",914,4121.2,27,78,35,4,1,10,24
"915",915,4035,20,85,36,1,0,14,19
"916",916,3260.5,29,22,46,3,0,2,40
"917",917,2315,12,43,49,2,0,5,42
"918",918,4774,38,89,38,1,0,15,21
"919",919,3963.2,16,84,44,2,1,13,26
"920",920,2997.5,28,43,42,4,0,5,35
"921",921,2807.2,3,93,45,2,1,14,30
"922",922,4000,50,28,48,4,0,2,44
"923",923,4455.5,37,99,35,2,0,16,15
"924",924,5619.5,52,78,48,4,0,12,31
"925",925,4179,33,80,49,3,0,11,35
"926",926,2889.7,19,39,39,1,1,5,30
"927",927,4147.5,34,80,38,3,0,9,24
"928",928,3376.2,27,25,46,1,1,2,41
"929",929,3419.5,24,54,42,4,0,6,31
"930",930,4952.5,44,54,49,4,0,7,37
"931",931,3679.7,24,59,43,4,1,9,33
"932",932,2633.2,11,74,39,3,1,7,27
"933",933,4347,33,99,49,1,0,12,33
"934",934,3269.7,15,96,44,1,1,11,30
"935",935,5422.2,44,89,43,3,1,15,25
"936",936,2140.2,12,38,36,3,1,4,27
"937",937,3479.2,6,93,46,2,1,15,30
"938",938,4280.7,27,69,45,4,1,7,35
"939",939,4835.5,50,86,38,4,0,12,21
"940",940,3647.5,15,94,35,3,0,14,18
"941",941,4538.7,50,68,32,4,1,11,19
"942",942,2834,17,66,47,4,0,7,36
"943",943,3216.7,15,64,48,2,1,9,35
"944",944,3210,13,51,35,2,0,8,22
"945",945,4803.7,38,74,40,1,1,12,24
"946",946,3840,19,99,42,3,0,17,23
"947",947,3118.5,28,59,32,1,0,7,22
"948",948,4980.2,49,68,35,1,1,10,23
"949",949,3114.7,32,35,35,1,1,3,30
"950",950,3168.7,11,83,48,2,1,9,35
"951",951,3789.5,34,25,48,4,0,2,41
"952",952,3189.2,12,62,34,2,1,7,24
"953",953,2432.2,4,49,31,2,1,6,24
"954",954,5132.7,52,98,42,2,1,13,25
"955",955,4629.7,36,94,39,1,1,16,20
"956",956,2221.2,10,45,42,2,1,7,30
"957",957,5196.2,48,55,48,1,1,9,37
"958",958,4946.2,39,73,43,1,1,8,31
"959",959,5212.5,50,66,34,3,0,8,24
"960",960,3201,23,58,43,2,0,5,34
"961",961,5226.5,48,92,40,1,0,14,22
"962",962,5862.5,52,98,35,2,0,12,19
"963",963,4222.5,47,54,46,3,0,8,34
"964",964,2303.2,7,27,33,1,1,3,27
"965",965,3237,20,87,30,4,0,11,16
"966",966,2981.5,20,36,34,3,0,4,26
"967",967,3606.5,18,53,40,2,0,9,29
"968",968,3911.2,36,73,46,2,1,9,36
"969",969,4313.5,44,20,46,3,0,2,40
"970",970,2988.7,24,20,35,3,1,2,32
"971",971,2410.7,22,30,34,3,1,3,26
"972",972,3397.7,28,31,37,3,1,4,28
"973",973,2891.7,15,73,46,4,1,8,37
"974",974,3900.7,50,20,46,2,1,2,43
"975",975,3319.5,22,30,39,1,0,4,32
"976",976,5001.7,47,52,47,2,1,9,35
"977",977,3429,28,49,37,4,0,8,28
"978",978,2590.7,19,31,39,1,1,4,32
"979",979,2916,14,89,33,3,0,12,17
"980",980,5829,52,95,36,2,0,13,18
"981",981,3736,18,82,33,3,0,10,19
"982",982,3825,30,39,35,4,0,3,28
"983",983,5180,41,93,30,4,0,14,14
"984",984,4478.5,43,36,41,3,0,4,32
"985",985,2582.7,4,36,45,4,1,6,37
"986",986,3111.5,30,27,40,4,0,3,35
"987",987,2280,21,21,37,1,0,2,31
"988",988,3610.7,29,34,44,4,1,6,35
"989",989,2194,9,20,41,1,0,2,35
"990",990,3800.2,11,98,46,3,1,14,29
"991",991,4206,45,53,45,3,0,7,35
"992",992,5341,48,99,47,1,0,15,31
"993",993,3650.7,39,22,40,3,1,3,32
"994",994,3499,25,43,37,2,0,6,28
"995",995,3466.2,33,28,48,2,1,3,44
"996",996,3204.2,24,34,39,4,1,5,30
"997",997,4948.2,50,84,44,4,1,8,32
"998",998,1929.5,2,29,33,2,0,3,25
"999",999,2738.5,22,45,36,2,0,5,29
