,Name,Adj.Vol(24h),Volume(24h),Volume(7d),Volume(30d),No.Markets,Change(24h)
0,Fatbtc,"$3,660,864,965","$3,660,864,965","$19,887,906,374","$89,562,020,413",147,0.87%
1,TOKOK,"$3,444,213,441","$3,577,487,787","$16,968,901,644","$48,790,946,589",92,4.64%
2,BKEX,"$3,424,622,013","$3,424,622,013","$30,993,166,669","$111,361,196,298",133,-23.36%
3,Folgory,"$3,297,314,962","$3,297,314,962","$11,794,129,982","$57,679,022,674",126,146.34%
4,MXC,"$3,113,152,250","$3,113,152,250","$20,346,318,390","$93,305,002,867",209,-2.78%
5,Bilaxy,"$3,039,250,248","$3,039,250,248","$17,617,051,170","$79,060,744,386",161,2.49%
6,Coinsbit,"$2,801,520,771","$2,801,520,771","$17,892,839,088","$76,074,884,457",155,-14.02%
7,BitForex,"$2,715,325,766","$2,715,325,766","$16,365,611,089","$68,558,589,688",157,11.05%
8,CoinBene,"$2,379,923,080","$2,379,923,080","$14,134,226,107","$62,917,424,807",193,-4.36%
9,BitMart,"$2,157,353,561","$2,157,353,561","$13,568,850,918","$51,647,515,140",215,-7.85%
10,Hotbit,"$2,112,927,499","$2,112,927,499","$13,927,824,439","$70,813,046,936",635,-9.75%
11,BiKi,"$1,886,720,621","$1,886,720,621","$13,831,966,130","$51,758,183,429",124,-19.67%
12,P2PB2B,"$1,861,686,177","$1,861,686,177","$16,391,653,491","$70,017,027,647",385,-19.28%
13,EXX,"$1,638,115,372","$1,638,115,372","$12,669,970,855","$53,435,183,204",27,-1.52%
14,EtherFlyer,"$1,626,899,295","$1,626,899,295","$18,432,534,336","$63,743,285,218",40,-38.58%
15,ZB.COM,"$1,578,810,935","$1,578,810,935","$11,937,618,066","$42,118,912,361",137,-6.46%
16,Coineal,"$1,521,547,117","$1,521,547,117","$13,046,328,534","$49,322,019,735",43,-23.05%
17,OKEx,"$1,437,582,387","$2,425,180,103","$20,133,521,865","$68,826,522,622",375,-21.56%
18,BitZ,"$1,414,027,624","$1,414,027,624","$14,083,844,066","$54,362,150,031",161,-28.87%
19,LBank,"$1,396,568,090","$1,396,568,090","$14,711,915,989","$60,665,753,332",98,-31.57%
20,Binance,"$1,324,818,761","$4,782,347,925","$46,083,791,662","$151,938,200,685",612,-29.17%
21,LATOKEN,"$1,209,889,710","$1,209,889,710","$10,231,749,620","$41,194,399,525",126,-23.87%
22,Cat.Ex,"$1,209,414,386","$1,209,414,386","$7,243,456,591","$29,874,051,271",123,-2.13%
23,DigiFinex,"$1,089,556,622","$1,089,556,622","$8,959,467,153","$30,707,541,068",228,-17.65%
24,Bibox,"$1,088,699,338","$1,088,699,338","$8,994,883,844","$39,892,255,658",191,-24.67%
25,Sistemkoin,"$1,062,634,659","$1,062,634,659","$6,518,222,935","$30,015,310,050",288,-9.69%
26,Dcoin,"$1,019,288,906","$1,019,288,906","$7,044,462,680","$28,459,048,409",39,-22.90%
27,VinDAX,"$863,132,796","$863,132,796","$4,699,622,376","$24,593,006,588",161,128.07%
28,Exrates,"$801,479,931","$801,479,931","$5,998,242,988","$23,569,848,709",111,-19.81%
29,Bitcoin.com,"$794,988,132","$794,988,132","$7,091,021,410","$19,141,274,633",92,-42.22%
30,ExtStock,"$787,480,063","$787,864,281","$5,813,902,597","$18,352,281,308",78,-31.58%
31,DOBI Exchange,"$747,556,703","$747,556,703","$4,268,798,625","$14,330,963,201",34,0.00%
32,BCEX,"$737,217,795","$737,217,795","$4,369,454,515","$18,424,846,392",62,3.20%
33,Huobi Global,"$689,852,540","$689,852,540","$7,697,798,199","$29,207,217,899",545,-32.95%
34,Hubi,"$625,431,716","$625,431,716","$3,526,526,407","$14,780,219,690",28,1.71%
35,HitBTC,"$571,220,606","$571,220,606","$5,409,705,913","$19,754,911,959",820,-42.63%
36,Ecxx,"$529,281,320","$529,281,320","$4,671,345,576","$19,683,933,293",19,-26.02%
37,IDCM,"$512,969,238","$512,969,238","$7,248,462,320","$32,873,440,953",59,-0.34%
38,HCoin,"$497,393,889","$497,393,889","$3,189,380,634","$18,584,408,800",25,38.77%
39,DSX,"$473,969,617","$473,969,617","$4,617,582,983","$12,049,646,640",34,-43.98%
40,HBTC,"$458,345,175","$458,345,175","$4,538,474,430","$18,889,518,112",76,-48.05%
41,PayBito,"$440,629,738","$440,629,738","$3,611,159,552","$29,890,106,594",13,9.17%
42,BitAsset,"$404,762,115","$404,762,115","$2,529,045,960","$10,874,850,072",66,-1.15%
43,WBF Exchange,"$398,647,099","$398,647,099","$2,477,483,093","$9,657,041,973",34,0.97%
44,Omgfin,"$374,452,138","$374,452,138","$1,854,644,775","$8,248,659,139",160,-0.94%
45,CoinEx,"$339,801,440","$339,801,440","$2,174,402,524","$8,750,183,414",276,-3.45%
46,Finexbox,"$298,062,317","$298,062,317","$591,216,349","$1,176,256,772",79,72.66%
47,Chiliz,"$286,401,833","$286,401,833","$2,517,120,722","$2,517,400,040",3,-55.51%
48,BitRabbit,"$268,804,031","$268,804,031","$1,635,272,221","$5,411,485,785",41,-14.45%
49,UPEX,"$267,812,322","$267,812,322","$2,081,010,674","$6,728,085,499",33,-37.83%
50,Coinbase Pro,"$242,241,000","$242,241,000","$2,883,231,404","$9,154,311,012",58,-36.76%
51,CoinEgg,"$238,970,367","$238,970,367","$1,384,415,920","$11,032,027,356",65,1.35%
52,BigONE,"$234,668,139","$234,668,139","$1,804,693,729","$7,403,366,260",112,-20.41%
53,BitMax,"$229,386,836","$229,386,836","$2,307,086,810","$7,104,623,639",188,-35.55%
54,DragonEX,"$225,300,201","$227,715,737","$1,424,793,491","$6,125,575,039",104,-6.21%
55,Bitrue,"$225,192,089","$225,192,089","$2,212,341,486","$8,248,776,165",164,-27.20%
56,CBX,"$221,180,693","$221,180,693","$1,753,825,757","$6,950,743,469",25,-22.91%
57,Coinbit,"$201,360,548","$201,360,548","$1,714,563,472","$6,972,285,846",37,-6.47%
58,CHAOEX,"$176,992,300","$176,992,300","$1,022,612,529","$3,969,450,866",72,3.48%
59,Cryptonex,"$170,181,898","$170,181,898","$1,281,728,981","$6,211,202,425",18,-30.48%
60,WhiteBIT,"$162,800,650","$162,800,650","$1,754,835,315","$5,345,418,011",112,-52.51%
61,Upbit,"$152,411,353","$152,411,353","$1,422,331,017","$4,508,502,935",160,-39.78%
62,Bione,"$151,117,498","$151,117,498","$879,944,160","$2,894,644,917",24,0.01%
63,Bithumb,"$151,031,157","$151,031,157","$1,770,773,690","$5,808,063,245",105,-49.19%
64,Kraken,"$143,676,278","$176,740,775","$2,165,779,749","$6,944,879,115",140,-35.60%
65,Binance JEX,"$125,842,009","$125,842,009","$1,581,840,048","$6,694,230,258",30,-25.28%
66,Coinlim,"$121,544,642","$121,544,642","$727,071,697","$3,043,731,857",37,-9.35%
67,Bitstamp,"$110,698,347","$110,698,347","$1,418,768,906","$4,315,978,944",14,-46.14%
68,BitUBU,"$108,236,181","$108,282,734","$1,139,092,271","$2,978,869,066",64,-46.14%
69,CoinTiger,"$103,915,462","$103,915,462","$869,935,103","$4,028,592,225",167,-28.50%
70,Bitfinex,"$93,128,899","$95,512,785","$1,340,735,754","$4,147,875,651",274,-31.16%
71,RightBTC,"$87,054,111","$87,054,111","$563,266,143","$2,741,054,841",44,8.48%
72,Dex-Trade,"$86,327,981","$86,327,981","$627,187,195","$2,529,178,178",109,-18.67%
73,IndoEx,"$79,055,613","$79,055,613","$439,988,072","$1,796,070,498",75,-3.98%
74,Simex,"$74,477,307","$74,477,307","$425,282,594","$1,823,592,386",23,0.21%
75,Bithumb Global,"$65,862,443","$65,862,443","$607,339,283","$3,090,604,843",159,-17.81%
76,OceanEx,"$59,946,621","$59,946,621","$373,469,171","$1,755,164,783",75,1.51%
77,Kryptono,"$58,955,818","$58,955,818","$311,821,447","$1,516,883,102",37,1.92%
78,BW.com,"$58,489,095","$58,489,095","$654,023,239","$3,245,671,170",120,-34.24%
79,Triv Pro,"$58,450,224","$58,450,224","$295,650,275","$1,291,632,067",8,-15.00%
80,YoBit,"$53,084,197","$53,084,197","$317,692,207","$1,326,662,549",497,-0.70%
81,Coinsuper,"$52,987,799","$52,987,799","$485,841,470","$1,820,739,324",55,-34.92%
82,BTC-Alpha,"$52,847,828","$52,847,828","$493,836,973","$1,470,552,144",97,-34.75%
83,bitFlyer,"$50,854,115","$53,131,892","$601,159,332","$1,764,468,451",5,-47.05%
84,Shortex ,"$49,567,606","$49,567,606","$299,225,009","$1,243,972,010",12,-4.15%
85,KuCoin,"$48,970,800","$48,970,800","$452,641,401","$1,431,751,005",421,-29.63%
86,Coinone,"$40,987,677","$40,987,677","$417,260,803","$1,529,866,568",70,-37.37%
87,Poloniex,"$40,081,923","$40,081,923","$488,570,525","$1,601,681,047",129,-49.82%
88,ZBG,"$39,927,028","$39,927,028","$311,362,919","$1,187,695,637",46,-32.69%
89,ProBit Exchange,"$36,343,597","$36,343,597","$233,409,885","$960,660,278",345,-6.95%
90,Paritex,"$34,535,147","$34,535,147","$203,144,027","$865,949,325",15,-9.16%
91,AAX,"$33,504,844","$33,504,844","$115,151,650","$240,872,571",50,29.40%
92,BBX,"$28,498,161","$28,498,161","$149,046,157","$564,239,948",8,17.57%
93,Gate.io,"$27,300,491","$27,300,491","$376,219,055","$1,442,245,313",412,-40.74%
94,BtcTurk | Pro,"$27,118,942","$27,118,942","$332,305,799","$1,096,147,138",33,-40.73%
95,Bitbank,"$26,559,787","$26,559,787","$289,866,826","$837,262,014",8,-38.52%
96,Bittrex,"$26,013,804","$26,013,804","$251,145,020","$806,355,140",377,-27.17%
97,Bitvast,"$26,012,141","$26,012,141","$254,256,221","$877,414,117",14,-21.38%
98,CoinField,"$25,295,073","$25,295,073","$245,068,611","$797,753,957",63,-39.01%
99,ChainX,"$24,152,735","$24,152,735","$139,555,904","$680,546,569",16,-0.45%
100,BitBay,"$23,168,668","$23,168,668","$245,782,409","$764,362,838",85,-48.69%
101,VELIC,"$21,695,080","$21,695,080","$116,647,504","$256,610,289",25,-5.01%
102,Livecoin,"$21,598,607","$21,598,607","$118,965,570","$493,884,670",246,22.37%
103,STEX,"$21,577,399","$21,577,399","$126,991,524","$591,848,580",184,2.00%
104,Paribu,"$17,899,552","$17,899,552","$208,025,755","$676,314,501",21,-37.25%
105,Nocks,"$16,823,773","$16,823,773","$33,488,733","$81,235,574",5,> 9000%
106,Bithumb Singapore,"$16,796,702","$16,796,702","$97,925,420","$422,768,616",25,1.51%
107,ABCC,"$16,726,042","$16,726,042","$102,396,722","$515,013,220",4,0.34%
108,Mercatox,"$16,450,342","$16,450,342","$94,754,310","$404,488,755",408,1.05%
109,Exmo,"$16,221,897","$16,221,897","$115,294,762","$451,241,412",167,-2.82%
110,Huobi Russia,"$16,170,840","$16,170,840","$167,107,329","$876,646,252",102,-28.53%
111,ExMarkets,"$15,770,806","$15,770,806","$145,264,765","$424,790,259",41,-35.60%
112,SatoExchange,"$15,654,988","$15,654,988","$109,455,638","$356,292,332",27,41.40%
113,Huobi Korea,"$15,558,314","$15,558,314","$161,112,794","$656,961,071",459,-31.94%
114,YunEx,"$14,675,316","$14,675,316","$84,887,918","$369,756,708",24,0.70%
115,Coinall,"$14,644,134","$14,644,134","$83,201,810","$384,024,971",115,-20.15%
116,FOBLGATE,"$14,020,536","$14,020,536","$78,650,442","$309,011,612",9,168.87%
117,Coindeal,"$13,258,391","$13,258,391","$68,761,193","$295,752,234",47,-0.32%
118,VCC Exchange,"$13,124,604","$13,124,604","$128,347,583","$376,141,332",209,-39.67%
119,OKCoin,"$12,824,248","$12,824,248","$125,275,307","$398,042,902",22,-47.91%
120,BTSE,"$12,102,552","$204,365,669","$1,283,080,956","$6,651,486,522",10,25.83%
121,Gemini,"$11,558,698","$11,558,698","$200,370,254","$672,595,112",15,-65.38%
122,GDAC,"$10,896,985","$10,896,985","$61,879,106","$191,454,259",26,10.54%
123,BTCBOX,"$10,640,358","$10,640,358","$59,137,804","$237,001,257",1,13.87%
124,Binance US,"$10,572,400","$10,572,400","$114,232,279","$369,302,102",54,-30.61%
125,FEX,"$8,539,121","$8,539,121","$41,533,272","$179,900,386",26,6.87%
126,LakeBTC,"$8,502,086","$8,502,086","$80,944,410","$275,357,238",12,-39.71%
127,Alterdice,"$8,462,875","$8,462,875","$71,833,607","$286,448,577",94,-28.20%
128,Vebitcoin,"$7,993,018","$7,993,018","$71,951,848","$241,883,903",28,-29.65%
129,Bitsonic,"$7,796,251","$7,796,251","$58,360,810","$2,227,373,669",36,-24.98%
130,Bitso,"$7,737,184","$7,737,184","$81,231,132","$288,093,464",18,-38.67%
131,Uniswap,"$7,733,153","$7,733,153","$49,533,808","$156,290,800",53,-3.26%
132,CITEX,"$7,683,770","$7,683,770","$113,014,560","$225,442,323",143,-5.33%
133,GOPAX,"$6,730,668","$6,730,668","$73,769,954","$235,451,352",79,-38.07%
134,Cryptology,"$6,498,475","$6,498,475","$41,921,493","$194,519,646",14,9.26%
135,Bitvavo,"$6,215,313","$6,215,313","$74,327,273","$210,286,840",61,-29.68%
136,Bitsdaq,"$6,062,008","$6,062,008","$71,651,708","$144,485,068",60,-37.71%
137,B2BX,"$5,859,369","$5,859,369","$108,297,926","$388,234,993",21,-79.12%
138,CoinHe,"$5,847,187","$5,847,187","$43,668,428","$156,352,027",23,-30.09%
139,Hanbitco,"$5,599,393","$5,599,393","$40,611,598","$210,573,383",37,-6.02%
140,NovaDAX,"$5,423,801","$5,423,801","$56,017,801","$211,713,042",66,-26.16%
141,Liquid,"$4,742,680","$145,066,173","$1,347,005,667","$3,933,206,034",121,-34.32%
142,Currency.com,"$4,537,059","$4,537,059","$38,525,632","$220,773,571",18,-0.89%
143,Bitpanda Pro,"$4,360,772","$4,360,772","$52,408,388","$128,981,405",9,-41.22%
144,Indodax,"$3,831,169","$3,831,169","$50,481,288","$184,451,318",74,-45.95%
145,CEX.IO,"$3,679,266","$3,679,266","$49,810,922","$138,561,944",77,-33.23%
146,Luno,"$3,661,921","$3,661,921","$45,113,816","$136,404,105",6,-38.27%
147,Cashierest,"$3,479,398","$3,479,398","$14,835,378","$53,806,837",27,17.16%
148,Bitkub,"$3,249,435","$3,249,435","$43,575,783","$135,792,798",30,-51.60%
149,Virtuse Exchange,"$3,208,304","$3,208,304","$14,448,465","$23,912,305",15,24.61%
150,BITStorage,"$2,967,152","$2,967,152","$15,254,834","$67,002,428",15,26.16%
151,BTC Markets,"$2,838,662","$2,838,662","$44,956,108","$158,376,064",26,-63.93%
152,itBit,"$2,759,550","$2,759,550","$38,682,208","$138,753,545",2,-59.57%
153,Korbit,"$2,744,623","$2,744,623","$34,082,079","$113,917,176",25,-37.64%
154,Crex24,"$2,724,646","$2,724,646","$19,025,160","$99,841,474",370,-16.81%
155,Bitbns,"$2,281,587","$2,281,587","$18,918,465","$72,127,701",84,-18.76%
156,WazirX,"$2,167,565","$2,167,565","$28,613,669","$98,873,015",117,-35.79%
157,BITEXLIVE,"$2,152,472","$2,152,472","$15,036,591","$23,960,906",22,-15.06%
158,StormGain,"$2,041,022","$2,041,022","$8,758,581","$24,521,910",5,91.80%
159,CoinDCX,"$1,995,315","$1,995,315","$19,181,034","$43,680,650",25,-42.82%
160,Polyx,"$1,649,443","$1,649,443","$11,334,088","$63,145,343",17,2.60%
161,Tidex,"$1,433,503","$1,433,503","$10,661,598","$55,490,442",25,-19.79%
162,Lukki Exchange,"$1,415,864","$1,415,864","$5,316,444","$24,017,345",22,18.36%
163,C2CX,"$1,396,736","$1,396,736","$34,745,095","$101,646,332",35,-14.17%
164,OKEx Korea,"$1,389,021","$1,389,021","$13,214,316","$59,722,861",199,-23.48%
165,Thodex,"$1,285,430","$1,285,430","$12,993,910","$43,897,342",18,-38.51%
166,Tokens.net,"$1,036,231","$1,036,231","$7,213,312","$30,360,190",23,-12.77%
167,Mercado Bitcoin,"$1,005,634","$1,005,634","$24,653,661","$71,948,388",5,-47.09%
168,Bitci,"$953,281","$953,281","$3,300,472","$14,499,780",28,67.48%
169,Zebpay,"$934,505","$934,505","$15,521,037","$34,837,517",21,-51.15%
170,IDEX,"$862,119","$862,119","$6,318,658","$20,731,427",383,-1.97%
171,BtcTrade.im,"$824,668","$824,668","$8,719,711","$44,555,376",10,9.29%
172,Independent Reserve,"$774,605","$774,605","$12,588,471","$39,018,403",26,-47.91%
173,Zaif,"$728,038","$8,563,826","$84,874,937","$272,567,775",11,-34.25%
174,ViteX,"$722,038","$722,038","$4,425,464","$23,402,042",33,-6.26%
175,Waves Exchange,"$718,826","$718,826","$5,908,140","$16,615,584",29,-0.66%
176,Huobi Indonesia,"$700,213","$700,213","$7,167,954","$43,940,550",41,-11.20%
177,Huobi Thailand,"$678,343","$678,343","$3,065,614","$14,421,409",7,-0.75%
178,CryptalDash,"$657,677","$657,677","$845,762","$872,990",17,236.56%
179,Coinzo,"$650,385","$650,385","$3,969,377","$17,194,690",14,-5.25%
180,Binance Jersey,"$575,574","$575,574","$5,132,421","$15,715,814",10,-15.21%
181,VINEX Network,"$568,089","$568,089","$3,434,757","$12,974,226",49,23.03%
182,Coinfloor,"$519,995","$519,995","$9,930,137","$37,174,096",2,-57.70%
183,Binance DEX,"$491,961","$491,961","$2,951,413","$13,309,536",82,3.69%
184,CoinJar,"$464,216","$464,216","$7,056,700","$19,693,407",14,-58.21%
185,DDEX,"$359,120","$359,120","$2,601,437","$57,179,939",4,-2.41%
186,Kuna,"$335,198","$335,198","$3,910,354","$12,742,333",27,-36.59%
187,Birake Network,"$296,962","$296,962","$1,709,610","$6,695,333",41,-2.39%
188,Tokenomy,"$283,752","$283,752","$1,697,482","$8,542,685",17,-24.31%
189,Bancor Network,"$280,238","$280,238","$2,168,562","$8,327,705",90,-31.46%
190,Buda,"$273,455","$273,455","$3,469,006","$10,908,456",12,-38.12%
191,Bleutrade,"$222,079","$222,079","$1,291,150","$3,232,206",4,-6.99%
192,CoinMate,"$221,428","$221,428","$2,799,553","$8,347,654",17,-37.73%
193,Globitex,"$192,656","$192,656","$2,648,205","$10,058,221",1,226.28%
194,The Rock Trading,"$185,841","$185,841","$3,426,718","$12,115,483",15,-62.73%
195,Tidebit,"$178,443","$178,443","$1,996,093","$6,696,869",7,-19.69%
196,CryptoMarket,"$136,144","$136,144","$2,000,845","$6,092,801",11,-45.56%
197,TradeOgre,"$124,348","$124,348","$833,936","$4,103,568",62,-20.93%
198,CoinMetro,"$119,728","$119,728","$819,711","$3,033,112",17,43.23%
199,Prizmbit,"$119,440","$119,440","$5,799,446","$17,374,130",8,9.63%
200,Kyber Network,"$1,657,813","$1,657,813","$20,947,991","$87,919,605",64,-25.02%
201,CROSS exchange,"$113,993","$3,527,785","$21,330,144","$89,530,384",40,0.61%
202,Graviex,"$70,443","$70,443","$472,079","$1,729,904",186,-18.88%
203,Coinut,"$63,175","$63,175","$424,808","$1,915,708",29,1.80%
204,AidosMarket,"$62,763","$62,763","$797,462","$2,332,279",1,31.97%
205,Bisq,"$53,107","$53,107","$1,007,280","$3,053,937",21,-56.48%
206,Switcheo Network,"$52,280","$52,280","$543,376","$1,631,324",57,-67.65%
207,Braziliex,"$39,884","$39,884","$1,525,654","$4,214,533",21,-57.35%
208,Paymium,"$38,902","$38,902","$1,070,451","$2,760,975",1,-58.47%
209,Altilly,"$35,579","$35,579","$224,738","$1,160,229",100,-11.76%
210,Artis Turba,"$26,867","$26,867","$103,525","$384,262",32,98.23%
211,SouthXchange,"$23,137","$23,137","$231,748","$951,590",137,-27.26%
212,BTC-exchange,"$20,031","$20,031","$594,817","$1,224,822",5,384.57%
213,Namebase,"$17,489","$17,489","$272,403","$1,099,982",1,-19.16%
214,CoinFalcon,"$15,525","$15,525","$322,214","$1,442,929",14,-57.46%
215,CRXzone,"$14,193","$14,193","$94,470","$547,928",4,73.27%
216,BITEXBOOK,"$13,814","$13,814","$101,120","$293,530",42,-30.01%
217,Txbit,"$8,859","$8,859","$47,332","$507,510",35,74.46%
218,Beaxy,"$8,120","$8,120","$740,200","$1,614,854",9,-78.81%
219,token.store,"$6,280","$6,280","$25,613","$127,326",5,-51.46%
220,50x,"$6,007","$6,007","$94,390","$277,398",43,33.18%
221,Xcalibra,"$5,168","$5,168","$37,860","$142,334",8,112.72%
222,BitClude,"$5,046","$5,046","$138,270","$341,535",3,-75.07%
223,RuDEX,"$3,867","$3,867","$56,823","$153,534",17,-66.91%
224,FreiExchange,"$2,581","$2,581","$7,832","$26,150",23,-13.44%
225,MBAex,"$1,753","$1,753","$43,168","$149,914",7,6.61%
226,eToroX,"$1,147","$1,147","$3,873","$4,385",1,> 9000%
227,C-Patex,"$1,014","$1,014","$16,227","$61,934",29,-18.69%
228,OTCBTC,$233,$233,"$1,356","$5,506",1,4.30%
229,OasisDEX,$210,$210,"$1,231","$5,101",1,1.31%
230,Coingi,$176,$176,"$9,159","$30,985",1,99.74%
231,HaloDeX,$143,$143,$204,"$1,666",7,0.00%
232,CPDAX,$115,$115,"$440,879","$1,466,114",7,-87.99%
233,Trade By Trade,$112,$112,$604,"$3,776",9,0.00%
234,C-CEX,$0,$0,$0,$0,0,0.00%
235,Bittylicious,$0,"$95,304","$1,059,100","$3,433,780",37,-40.52%
236,BX Thailand,$0,$0,$0,$0,0,0.00%
237,BitShares Asset Exchange,$0,$0,$0,$0,14,0.00%
238,Bitex.la,$0,"$104,808","$1,146,129","$2,797,538",1,57.16%
239,Bitonic,$0,"$645,115","$7,209,574","$19,232,410",1,-23.16%
240,Cryptopia,$0,$0,$0,$0,0,0.00%
241,LiteBit.eu,$0,"$1,011,338","$10,918,077","$31,961,909",53,-12.68%
242,Coincheck,$0,"$36,647,482","$301,915,172","$913,394,398",1,-27.52%
243,Negocie Coins,$0,$0,$0,$0,0,0.00%
244,CoinsBank,$0,"$70,687,592","$393,035,004","$1,667,323,033",6,-2.20%
245,BitcoinToYou,$0,$0,$0,$0,0,0.00%
246,CoinCorner,$0,"$158,294","$1,548,045","$5,720,101",2,-43.17%
247,ISX,$0,$0,$57,"$1,030",1,0.00%
248,Cryptomate,$0,"$3,881","$27,278","$88,461",19,80.47%
249,QuadrigaCX,$0,$0,$0,$0,0,0.00%
250,CoinExchange,$0,$0,$0,$0,0,0.00%
251,Novaexchange,$0,$0,$0,$0,0,0.00%
252,BitMEX,$0,"$1,923,076,417","$20,354,827,112","$65,623,128,986",3,-36.18%
253,Allcoin,$0,"$5,160","$30,201","$143,762",4,5.67%
254,Lykke Exchange,$0,"$44,787","$1,972,828","$4,607,032",56,-68.67%
255,GuldenTrader,$0,$0,$0,$0,0,0.00%
256,Coinrate,$0,$0,$0,$0,0,0.00%
257,Heat Wallet,$0,$10,$521,"$1,062",1,-44.66%
258,RippleFox,$0,"$183,272","$1,379,660","$4,132,768",5,-24.20%
259,Gatehub,$0,"$69,070","$824,697","$1,918,441",4,-12.54%
260,Ripple China,$0,"$6,539","$203,645","$666,307",1,-49.04%
261,COSS,$0,$0,$0,$0,217,0.00%
262,Koinim,$0,"$86,015","$1,379,423","$4,382,738",6,-44.02%
263,Stellarterm,$0,"$165,610","$789,465","$2,100,744",15,16.20%
264,BTC Trade UA,$0,"$39,081","$417,013","$1,637,521",13,-5.85%
265,LocalTrade,$0,"$59,403,461","$441,792,358","$2,036,857,313",24,-24.45%
266,Altcoin Trader,$0,"$383,771","$6,273,081","$23,332,791",21,-54.70%
267,Bitstamp (Ripple Gateway),$0,"$559,010","$4,152,845","$13,291,303",1,-24.48%
268,Bits Blockchain,$0,"$1,998,311","$12,272,409","$58,621,374",3,2.58%
269,ACX,$0,$0,"$5,246","$7,134",17,0.00%
270,Coinroom,$0,$0,$0,$0,0,0.00%
271,Bit2C,$0,$0,$0,$0,0,0.00%
272,Fisco,$0,$0,$0,$0,0,0.00%
273,InfinityCoin Exchange,$0,"$2,697","$29,017","$133,708",1,-43.31%
274,CryptoBridge,$0,$0,$0,$0,0,0.00%
275,Coinnest,$0,$0,$0,$0,0,0.00%
276,Neraex,$0,$0,$0,$0,0,0.00%
277,BitcoinTrade,$0,$0,"$7,518,423","$19,925,172",0,0.00%
278,TOPBTC,$0,"$642,660,621","$3,820,350,564","$18,440,836,021",41,0.32%
279,ezBtc,$0,$0,$0,$0,0,0.00%
280,Koinex,$0,$0,$0,$0,0,0.00%
281,Satang Pro,$0,"$1,870,300","$13,151,431","$60,992,703",10,-23.30%
282,Bitinka,$0,$0,$0,$0,0,0.00%
283,OEX,$0,$0,$0,$0,0,0.00%
284,Ethfinex,$0,$0,$0,$0,0,0.00%
285,Cobinhood,$0,$0,$0,$0,0,0.00%
286,Radar Relay,$0,"$6,179","$659,962","$4,162,840",20,-86.31%
287,Iquant,$0,$0,$0,$0,0,0.00%
288,Rfinex,$0,"$58,325,817","$321,199,629","$1,360,224,585",6,-9.32%
289,Coinbe,$0,$0,$0,$0,0,0.00%
290,IDAX,$0,"$730,892","$6,208,393","$32,873,056",135,-29.58%
291,EtherDelta (ForkDelta),$0,$0,$0,$0,0,0.00%
292,Stellarport,$0,"$23,320","$174,406","$851,427",21,36.57%
293,Ovis,$0,"$1,312,879","$7,869,795","$38,171,525",15,0.09%
294,Nanex,$0,$0,$0,$0,0,0.00%
295,OOOBTC,$0,$0,$0,$0,0,0.00%
296,Bithesap,$0,"$203,536","$10,004,412","$21,581,923",2,-68.96%
297,Coinhub,$0,$0,$0,$0,0,0.00%
298,DEx.top,$0,$0,$0,$0,3,0.00%
299,UEX,$0,$0,$0,$0,0,0.00%
300,AirSwap,$0,$0,$0,"$100,113",0,0.00%
301,Hoo,$0,"$2,174,939,193","$8,037,753,793","$27,460,752,410",37,168.07%
302,Allbit,$0,"$5,852","$22,993","$43,213",22,0.00%
303,Bitfront,$0,"$1,855,308","$23,344,235","$81,079,502",7,-42.42%
304,Escodex,$0,$0,$0,$0,0,0.00%
305,Global Blockchain Exchange,$0,$0,$0,"$21,613",12,0.00%
306,Bgogo,$0,"$2,109,248","$14,955,233","$70,941,787",31,-20.02%
307,CoinZest,$0,$0,$0,$0,0,0.00%
308,BCoin.sg,$0,$0,$0,$0,0,0.00%
309,Trade.io,$0,$0,$0,$0,0,0.00%
310,CoinPlace,$0,$0,$0,$0,3,0.00%
311,CoinMex,$0,$0,$0,$0,0,0.00%
312,55.com,$0,$0,$0,$0,0,0.00%
313,PoloniDEX,$0,"$14,669","$182,311","$698,124",9,-30.58%
314,CredoEx,$0,$0,$0,$0,0,0.00%
315,Xena Exchange,$0,$0,$0,$0,0,0.00%
316,Binance Uganda,$0,$0,$0,$0,0,0.00%
317,Aphelion,$0,$0,$0,$0,0,0.00%
318,NAGAX,$0,"$41,497","$247,222","$1,190,512",18,0.37%
319,CCXCanada,$0,$0,$0,$0,25,0.00%
320,Darb Finance,$0,$0,$0,$0,0,0.00%
321,Bitnaru,$0,"$376,913","$3,028,177","$12,004,912",13,-33.45%
322,ZG.com,$0,"$1,711,777,665","$9,889,646,791","$33,628,080,579",77,2.14%
323,OVEX,$0,$0,"$68,987","$185,771",3,0.00%
324,dYdX,$0,"$1,088,102","$23,277,753","$112,259,474",3,-62.49%
325,Bybit,$0,"$995,422,265","$9,211,229,276","$29,303,724,729",4,-34.33%
326,Deribit,$0,"$152,698,587","$1,855,357,475","$4,973,386,991",2,-44.82%
327,FTX,$0,"$402,953,704","$4,235,636,742","$14,375,269,183",72,-36.53%
328,BaseFEX,$0,"$54,553,870","$468,099,301","$1,358,445,566",11,-30.44%
329,TAGZ,$0,"$2,188,739,556","$10,753,844,582","$46,425,785,460",30,8.32%
330,TimeX,$0,"$2,160,800","$14,136,380","$30,800,839",7,-7.11%
331,xFutures,$0,$0,$0,$0,1,0.00%
332,Blackmoon,$0,$0,$0,"$108,800,315",0,0.00%
333,EMX,$0,$0,$0,"$8,285",2,0.00%
334,Phemex,$0,"$213,575,287","$1,947,858,397","$6,728,567,659",6,-31.98%
335,Binance Korea,$0,"$776,812,711","$7,591,771,459","$11,495,039,396",7,-36.17%
